Date,IGE,EWA,EWC
4/25/2006,28.041323,21.51,24.799999
4/26/2006,27.73171,21.940001,24.870001
4/27/2006,27.37594,21.82,24.700001
4/28/2006,27.775166,21.940001,24.860001
5/1/2006,28.139099,22.15,24.969999
5/2/2006,28.72028,22.129999,25.24
5/3/2006,28.36994,22.16,25.040001
5/4/2006,28.272173,22.110001,24.93
5/5/2006,28.598072,22.4,25.25
5/8/2006,28.489443,22.469999,25.15
5/9/2006,28.872374,22.799999,25.459999
5/10/2006,29.168406,22.709999,25.48
5/11/2006,28.7393,22.700001,25.09
5/12/2006,27.815901,22.139999,24.68
5/15/2006,27.047316,21.629999,24.120001
5/16/2006,27.096205,21.92,24.209999
5/17/2006,26.409084,21.23,23.709999
5/18/2006,25.898497,21.280001,23.389999
5/19/2006,26.03973,21.15,23.469999
5/22/2006,25.773569,20.65,23.27
5/23/2006,25.898497,20.93,23.290001
5/24/2006,25.575315,20.68,23.07
5/25/2006,26.487843,20.950001,23.91
5/26/2006,26.686096,21.09,24.120001
5/30/2006,26.305885,20.99,24.02
5/31/2006,26.887075,20.799999,24.299999
6/1/2006,26.944109,20.709999,24.299999
6/2/2006,27.411234,20.950001,24.52
6/5/2006,26.498709,20.719999,24.01
6/6/2006,26.319456,20.360001,23.780001
6/7/2006,25.450384,20.200001,23.360001
6/8/2006,25.455816,19.92,22.959999
6/9/2006,25.358042,20.17,23.24
6/12/2006,24.624754,20.030001,22.940001
6/13/2006,23.899616,19.18,22.15
6/14/2006,24.442793,19.59,22.33
6/15/2006,25.455816,20.129999,22.92
6/16/2006,25.295586,19.950001,22.700001
6/19/2006,24.469957,19.700001,22.24
6/20/2006,24.388483,19.690001,22.209999
6/21/2006,24.918074,20.07,22.74
6/22/2006,25.040287,20.030001,22.58
6/23/2006,25.514502,20.02,22.700001
6/26/2006,25.814278,20.059999,23.01
6/27/2006,25.806107,19.950001,22.870001
6/28/2006,26.094994,19.889999,22.85
6/29/2006,27.007973,20.700001,23.549999
6/30/2006,27.116995,20.75,23.75
7/3/2006,27.547586,20.889999,23.99
7/5/2006,27.468555,20.629999,23.809999
7/6/2006,27.438574,20.870001,23.74
7/7/2006,27.152414,21.18,23.74
7/10/2006,27.065203,21.16,23.559999
7/11/2006,27.416769,21.18,23.719999
7/12/2006,27.351368,20.889999,23.59
7/13/2006,27.016151,20.709999,23.299999
7/14/2006,27.277782,20.290001,23.33
7/17/2006,26.46291,20.25,22.92
7/18/2006,26.479265,20.16,22.98
7/19/2006,26.81447,20.5,23.34
7/20/2006,26.10317,20.43,23.01
7/21/2006,25.658934,20.32,22.85
7/24/2006,26.400232,20.75,23.209999
7/25/2006,26.926214,20.719999,23.48
7/26/2006,27.389521,20.620001,23.82
7/27/2006,27.266874,20.9,23.52
7/28/2006,27.302307,21.129999,23.75
7/31/2006,27.732908,20.959999,23.780001
8/1/2006,27.822849,20.879999,23.9
8/2/2006,27.950947,20.83,24.16
8/3/2006,27.773798,20.790001,24.15
8/4/2006,27.493082,20.809999,24.08
8/7/2006,27.648436,20.719999,24.110001
8/8/2006,27.542141,20.889999,24.33
8/9/2006,27.724739,20.780001,24.35
8/10/2006,27.572121,20.85,24.18
8/11/2006,27.430395,20.700001,24.200001
8/14/2006,26.937124,20.75,23.93
8/15/2006,27.155136,21.049999,24.280001
8/16/2006,27.116995,21.110001,24.450001
8/17/2006,26.926214,21.17,24.370001
8/18/2006,27.149685,21.16,24.32
8/21/2006,27.468555,21.389999,24.74
8/22/2006,27.621168,21.26,24.93
8/23/2006,27.261431,21.17,24.959999
8/24/2006,27.364998,20.870001,24.77
8/25/2006,27.525791,20.950001,24.790001
8/28/2006,27.1824,21.09,24.860001
8/29/2006,27.054302,21.4,24.799999
8/30/2006,26.72727,21.4,24.74
8/31/2006,26.686386,21.540001,24.75
9/1/2006,27.016151,21.65,24.969999
9/5/2006,27.247807,22.01,24.950001
9/6/2006,26.585554,21.559999,24.549999
9/7/2006,26.356623,21.34,24.24
9/8/2006,25.841545,21.309999,24
9/11/2006,24.884951,20.780001,23.459999
9/12/2006,24.754137,20.84,23.540001
9/13/2006,25.318279,21.01,23.73
9/14/2006,24.767757,21.049999,23.5
9/15/2006,24.718702,21.02,23.52
9/18/2006,25.288296,21.280001,23.84
9/19/2006,24.854965,20.93,23.5
9/20/2006,24.293547,20.91,23.33
9/21/2006,24.696905,20.83,23.52
9/22/2006,24.506121,20.58,23.43
9/25/2006,24.457071,20.84,23.51
9/26/2006,24.944906,20.860001,23.73
9/27/2006,25.37071,21.15,24.040001
9/28/2006,25.326986,21.17,24.18
9/29/2006,25.430836,21.200001,24
10/2/2006,25.152069,21.379999,23.93
10/3/2006,24.222828,21.139999,23.25
10/4/2006,24.430555,21.379999,23.389999
10/5/2006,24.906103,21.639999,23.709999
10/6/2006,24.911558,21.440001,23.6
10/9/2006,24.74485,21.49,23.58
10/10/2006,25.050943,21.57,23.57
10/11/2006,24.720249,21.620001,23.16
10/12/2006,25.157532,21.99,23.41
10/13/2006,25.594822,22,23.790001
10/16/2006,26.155094,22.24,24.16
10/17/2006,25.939184,21.889999,23.879999
10/18/2006,25.701408,22.1,23.860001
10/19/2006,26.316338,22.209999,24.290001
10/20/2006,26.075829,22.5,24.32
10/23/2006,26.081301,22.42,24.42
10/24/2006,26.469387,22.450001,24.639999
10/25/2006,26.920334,22.530001,24.959999
10/26/2006,26.862938,23,25.1
10/27/2006,26.578714,22.700001,24.74
10/30/2006,26.209753,23.25,24.809999
10/31/2006,26.466658,23.02,25.139999
11/1/2006,26.212484,23.4,24.41
11/2/2006,26.291746,23.129999,24.799999
11/3/2006,26.770023,23.25,24.950001
11/6/2006,27.043325,23.5,25.16
11/7/2006,26.821943,23.700001,25.1
11/8/2006,27.220976,23.309999,25.26
11/9/2006,27.521608,23.27,25.41
11/10/2006,27.138981,23.18,25.200001
11/13/2006,27.078854,22.959999,25.02
11/14/2006,27.122589,23.219999,25.02
11/15/2006,27.425945,23.059999,25.23
11/16/2006,26.701702,22.9,25.02
11/17/2006,26.912136,23.08,24.99
11/20/2006,26.974997,22.700001,25.09
11/21/2006,27.398624,23.040001,25.440001
11/22/2006,27.412283,23.41,25.49
11/24/2006,27.453276,23.540001,25.780001
11/27/2006,27.248301,23.26,25.559999
11/28/2006,27.639122,23.700001,25.58
11/29/2006,28.349714,23.82,25.74
11/30/2006,28.571093,24.02,25.77
12/1/2006,28.683146,23.65,25.77
12/4/2006,28.664015,23.99,26.059999
12/5/2006,28.778801,23.870001,26.17
12/6/2006,28.68861,24,26.02
12/7/2006,28.614822,23.84,25.969999
12/8/2006,28.614822,23.540001,25.98
12/11/2006,28.560148,23.82,25.940001
12/12/2006,28.459028,23.85,25.85
12/13/2006,28.685883,24.030001,25.809999
12/14/2006,29.093098,24.4,26.040001
12/15/2006,28.792469,24.219999,25.65
12/18/2006,27.99716,24.15,25.41
12/19/2006,28.40984,24.16,25.540001
12/20/2006,28.043613,23.27,25.43
12/21/2006,27.838539,23.139999,25.120001
12/22/2006,27.624699,23.219999,25.040001
12/26/2006,27.630173,23.280001,24.889999
12/27/2006,27.937233,23.66,25.27
12/28/2006,28.030458,23.74,25.35
12/29/2006,27.854994,23.5,25.32
1/3/2007,26.840582,23.540001,24.75
1/4/2007,26.237429,23.1,24.35
1/5/2007,26.423857,22.719999,24.27
1/8/2007,26.500622,22.85,24.110001
1/9/2007,26.210016,22.98,24.16
1/10/2007,25.922138,22.82,24.129999
1/11/2007,25.730213,23.030001,24.24
1/12/2007,26.497883,23.42,24.780001
1/16/2007,26.229204,23.379999,24.440001
1/17/2007,26.456757,23.360001,24.700001
1/18/2007,26.229204,23.5,24.43
1/19/2007,26.813164,23.809999,24.77
1/22/2007,26.703505,23.76,24.49
1/23/2007,27.38891,24.26,24.98
1/24/2007,27.553406,24.059999,25.23
1/25/2007,27.059912,23.52,24.969999
1/26/2007,27.169573,23.530001,25.15
1/29/2007,27.018789,23.540001,24.98
1/30/2007,27.567122,23.950001,25.25
1/31/2007,27.690495,23.92,25.34
2/1/2007,27.934488,23.860001,25.52
2/2/2007,27.909813,23.860001,25.360001
2/5/2007,27.860466,23.969999,25.469999
2/6/2007,27.868696,24.23,25.549999
2/7/2007,27.690495,24.389999,25.440001
2/8/2007,27.953691,24.530001,25.57
2/9/2007,27.844017,24.379999,25.530001
2/12/2007,27.5397,24.23,25.43
2/13/2007,28.019482,24.690001,25.9
2/14/2007,28.057865,24.950001,25.950001
2/15/2007,27.893373,24.93,26.18
2/16/2007,27.918034,24.99,26.209999
2/20/2007,27.665813,25.129999,26.02
2/21/2007,27.961912,25.120001,26.299999
2/22/2007,28.233332,25.290001,26.219999
2/23/2007,28.299135,25.709999,26.280001
2/26/2007,28.510223,25.75,26.42
2/27/2007,27.416321,24.459999,25.49
2/28/2007,27.482121,24.6,25.49
3/1/2007,27.443741,24.5,25.25
3/2/2007,26.917355,24.42,24.879999
3/5/2007,26.544479,23,24.620001
3/6/2007,27.112003,24.43,24.969999
3/7/2007,27.430029,24.17,25.15
3/8/2007,27.580811,24.27,25.27
3/9/2007,27.608242,24.25,25.48
3/12/2007,27.547928,24.84,25.41
3/13/2007,27.08732,24.16,24.860001
3/14/2007,27.309399,24.57,24.940001
3/15/2007,27.380692,25,25.059999
3/16/2007,27.150385,24.84,25
3/19/2007,27.685005,25.209999,25.23
3/20/2007,27.81661,25.540001,25.6
3/21/2007,28.293652,25.77,26.030001
3/22/2007,28.625385,25.870001,25.959999
3/23/2007,28.78166,25.75,26.1
3/26/2007,28.98296,26.370001,26.18
3/27/2007,28.999456,25.809999,26.110001
3/28/2007,28.971958,25.48,26.01
3/29/2007,29.205713,25.719999,26.219999
3/30/2007,28.878452,25.950001,26.15
4/2/2007,29.175463,26.01,26.35
4/3/2007,29.321217,26.48,26.65
4/4/2007,29.475231,26.700001,26.58
4/5/2007,29.576975,26.83,26.76
4/9/2007,29.535723,26.82,26.799999
4/10/2007,29.94549,27.35,26.75
4/11/2007,29.89323,27.110001,26.92
4/12/2007,30.250742,27.530001,27.26
4/13/2007,30.443247,27.559999,27.34
4/16/2007,30.608255,27.77,27.75
4/17/2007,30.421244,27.85,27.59
4/18/2007,30.297495,27.860001,27.719999
4/19/2007,29.937239,27.58,27.4
4/20/2007,30.316755,27.709999,27.77
4/23/2007,30.369005,27.620001,27.690001
4/24/2007,30.250742,27.200001,27.59
4/25/2007,30.819996,27.709999,28.02
4/26/2007,30.745762,27.450001,27.65
4/27/2007,30.781506,27.370001,27.879999
4/30/2007,30.390995,27.09,27.75
5/1/2007,30.437742,27.129999,27.5
5/2/2007,30.745762,27.66,27.959999
5/3/2007,31.075771,27.58,28.18
5/4/2007,31.180262,27.860001,28.370001
5/7/2007,31.39477,27.85,28.73
5/8/2007,31.389271,27.780001,28.700001
5/9/2007,31.364515,28.25,28.690001
5/10/2007,30.855761,27.799999,28.4
5/11/2007,31.477278,28.219999,28.83
5/14/2007,31.510286,28.1,28.73
5/15/2007,31.529537,28.059999,29.07
5/16/2007,31.620274,27.799999,29.129999
5/17/2007,32.057537,27.99,29.5
5/18/2007,32.478313,28.09,29.73
5/21/2007,32.813808,28,29.879999
5/22/2007,32.519543,27.790001,29.68
5/23/2007,32.670811,27.950001,29.629999
5/24/2007,32.043781,27.1,29.450001
5/25/2007,32.4893,27.65,29.799999
5/29/2007,32.310555,27.59,29.809999
5/30/2007,32.868801,27.58,30.07
5/31/2007,32.838551,27.9,30.1
6/1/2007,33.207066,28.190001,30.459999
6/4/2007,33.641571,28.459999,30.540001
6/5/2007,33.495831,28.5,30.42
6/6/2007,32.998062,28.1,30.030001
6/7/2007,32.327045,27.91,29.33
6/8/2007,32.615795,28.18,29.65
6/11/2007,32.802807,28.35,29.52
6/12/2007,32.437046,27.67,29.360001
6/13/2007,33.088818,28.02,29.799999
6/14/2007,33.652584,28.1,30.129999
6/15/2007,34.07333,28.5,30.58
6/18/2007,34.147591,28.629999,30.66
6/19/2007,34.136578,28.99,30.42
6/20/2007,33.26207,28.950001,29.98
6/21/2007,33.897324,29.02,30.049999
6/22/2007,33.603065,28.85,29.83
6/25/2007,33.138325,29.049999,29.57
6/26/2007,32.621304,28.549999,29.15
6/27/2007,32.945808,28,29.389999
6/28/2007,32.846794,28.49,29.75
6/29/2007,33.039795,28.469999,29.860001
7/2/2007,33.621517,29.120001,30.23
7/3/2007,33.773151,29.02,30.32
7/5/2007,33.825539,29.35,30.540001
7/6/2007,34.131569,29.450001,30.84
7/9/2007,34.498238,29.690001,30.9
7/10/2007,34.316277,29.32,30.719999
7/11/2007,34.37693,29.35,30.75
7/12/2007,35.074463,29.85,31.43
7/13/2007,35.416317,29.93,31.700001
7/16/2007,34.859413,29.969999,31.5
7/17/2007,34.60025,29.870001,31.6
7/18/2007,35.25367,29.84,32
7/19/2007,35.587254,30.200001,32.189999
7/20/2007,35.372211,30.129999,31.92
7/23/2007,35.256416,30.35,31.700001
7/24/2007,34.37418,29.99,31.18
7/25/2007,34.638855,30.1,31.110001
7/26/2007,33.52779,28.48,30.16
7/27/2007,32.940559,27.5,29.700001
7/30/2007,33.298943,28.129999,29.83
7/31/2007,33.166607,28.040001,29.860001
8/1/2007,32.91021,27.540001,29.59
8/2/2007,32.830261,27.799999,30.18
8/3/2007,31.625462,26.799999,29.6
8/6/2007,31.730232,27.48,29.459999
8/7/2007,32.309189,27.719999,29.530001
8/8/2007,33.075638,28.49,30.200001
8/9/2007,32.072086,27.290001,29.290001
8/10/2007,32.347797,27.35,29.370001
8/13/2007,32.270592,27.41,29.299999
8/14/2007,31.832233,26.370001,28.549999
8/15/2007,30.936213,25.209999,27.870001
8/16/2007,30.685328,24.139999,27.52
8/17/2007,31.432474,24.93,28.42
8/20/2007,31.567566,25.85,28.68
8/21/2007,31.291866,25.75,28.790001
8/22/2007,31.810173,26.6,29.280001
8/23/2007,32.047283,27.42,29.48
8/24/2007,32.615223,27.85,29.77
8/27/2007,32.339512,27.65,29.5
8/28/2007,31.49037,26.83,28.74
8/29/2007,32.433254,27.780001,29.84
8/30/2007,32.350544,27.120001,29.42
8/31/2007,32.808212,27.940001,29.9
9/4/2007,33.519505,28.469999,30.290001
9/5/2007,33.411999,27.6,30.07
9/6/2007,33.811745,28.34,30.24
9/7/2007,33.442318,27.809999,29.969999
9/10/2007,33.232784,27.84,29.84
9/11/2007,33.756607,28.870001,30.309999
9/12/2007,33.946842,28.549999,30.68
9/13/2007,34.261139,28.889999,30.9
9/14/2007,34.354881,28.940001,31.09
9/17/2007,34.263905,28.41,31.08
9/18/2007,35.377716,29.34,31.93
9/19/2007,35.482498,29.99,31.76
9/20/2007,35.669971,30.02,31.940001
9/21/2007,35.849171,30.200001,32.16
9/24/2007,35.697536,30.530001,32.169998
9/25/2007,35.31155,30.959999,32.27
9/26/2007,35.341099,31.299999,32.369999
9/27/2007,35.697239,31.549999,32.669998
9/28/2007,35.545403,31.790001,32.73
10/1/2007,36.000931,32.59,33.150002
10/2/2007,35.752457,32.259998,32.889999
10/3/2007,35.393547,32.130001,32.560001
10/4/2007,35.619949,32.09,32.950001
10/5/2007,35.879452,32.639999,33.580002
10/8/2007,35.476364,32.200001,33.43
10/9/2007,36.103077,33.060001,33.59
10/10/2007,36.434372,33.02,33.77
10/11/2007,36.486832,33.25,33.720001
10/12/2007,36.68285,33.48,34.23
10/15/2007,37.083157,33,33.73
10/16/2007,36.969971,32.330002,33.419998
10/17/2007,36.88438,32.419998,33.799999
10/18/2007,37.188068,33.099998,34.470001
10/19/2007,35.691715,31.83,33.560001
10/22/2007,35.330063,31.92,33.650002
10/23/2007,35.826996,32.77,33.779999
10/24/2007,35.965031,32.860001,33.82
10/25/2007,36.390202,32.950001,33.900002
10/26/2007,36.895447,33.919998,34.540001
10/29/2007,37.177048,34.32,35.150002
10/30/2007,36.136215,33.84,34.810001
10/31/2007,37.083157,34.709999,36.080002
11/1/2007,36.257679,33.380001,35.130001
11/2/2007,36.88438,33.740002,35.91
11/5/2007,36.5807,33,35.650002
11/6/2007,37.569069,33.669998,36.419998
11/7/2007,36.5807,33.110001,35.549999
11/8/2007,36.818134,33.400002,35
11/9/2007,36.172089,32.209999,34.240002
11/12/2007,34.476967,30.76,32.669998
11/13/2007,35.145077,32.240002,33.459999
11/14/2007,35.238953,32.25,33.259998
11/15/2007,34.289246,31.26,31.9
11/16/2007,34.797222,31.639999,32.330002
11/19/2007,34.189835,30.84,31.52
11/20/2007,34.998768,31.4,32.009998
11/21/2007,34.349968,30.190001,31.209999
11/23/2007,34.943531,30.559999,31.85
11/26/2007,34.280952,30.1,31.93
11/27/2007,33.841976,30.65,31.42
11/28/2007,34.485252,31.65,32.299999
11/29/2007,34.758564,31.360001,32.41
11/30/2007,34.755806,31.639999,31.91
12/3/2007,34.990486,31.51,31.799999
12/4/2007,34.631565,31.09,31.200001
12/5/2007,35.194771,31.48,31.610001
12/6/2007,36.133453,32.080002,31.940001
12/7/2007,36.199711,31.76,32.07
12/10/2007,36.456451,32.369999,32.27
12/11/2007,35.481899,31.52,31.4
12/12/2007,36.332226,31.9,31.709999
12/13/2007,36.321178,31.67,31.450001
12/14/2007,35.818714,30.32,31.280001
12/17/2007,34.89661,29.200001,31.030001
12/18/2007,35.407349,29.34,31
12/19/2007,35.633739,29.200001,31.17
12/20/2007,36.028542,27.950001,31.299999
12/21/2007,36.94236,28.719999,31.959999
12/24/2007,37.17979,29,32.099998
12/26/2007,37.563541,29.030001,32.220001
12/27/2007,37.536983,28.84,32.200001
12/28/2007,37.642117,29.120001,32.540001
12/31/2007,37.177322,28.82,32.119999
1/2/2008,37.75555,28.780001,32.400002
1/3/2008,38.109673,28.92,32.540001
1/4/2008,36.944935,28.09,31.73
1/7/2008,36.505058,28.02,31.280001
1/8/2008,36.131565,27.77,31.09
1/9/2008,36.513359,28.120001,31.17
1/10/2008,36.408222,28.540001,31.299999
1/11/2008,35.979401,27.67,30.799999
1/14/2008,36.651684,28.139999,31.07
1/15/2008,35.351391,27,30.23
1/16/2008,34.07877,26.639999,29.41
1/17/2008,32.678867,25.709999,28.559999
1/18/2008,32.750805,26.09,28.530001
1/22/2008,32.048092,24.860001,28.360001
1/23/2008,31.954037,24.9,28.65
1/24/2008,33.19899,25.950001,29.58
1/25/2008,32.941708,26.790001,29.639999
1/28/2008,33.55312,27.25,29.58
1/29/2008,33.766125,26.860001,30.200001
1/30/2008,33.674843,26.200001,30.25
1/31/2008,33.597378,26.879999,30.280001
2/1/2008,34.194958,28.43,30.92
2/4/2008,34.26965,27.77,30.4
2/5/2008,33.005333,26.459999,29.76
2/6/2008,32.391136,26.27,29.84
2/7/2008,32.83934,26.25,29.559999
2/8/2008,33.442455,26.23,30.040001
2/11/2008,34.261353,26.379999,30.35
2/12/2008,34.026207,26.74,30.290001
2/13/2008,34.919792,26.26,30.83
2/14/2008,34.78701,26.33,30.58
2/15/2008,34.654213,26.73,30.379999
2/19/2008,35.622513,26.84,30.57
2/20/2008,36.142632,26.52,31.030001
2/21/2008,35.456516,26.450001,31.01
2/22/2008,35.926846,26.83,31.17
2/25/2008,36.734692,27.68,31.950001
2/26/2008,37.384827,27.950001,32.529999
2/27/2008,37.163513,28.219999,32.529999
2/28/2008,37.855137,27.809999,32.950001
2/29/2008,36.704243,26.540001,32.009998
3/3/2008,37.072208,26.82,31.77
3/4/2008,36.485687,26.08,31.4
3/5/2008,37.395893,26.6,32.009998
3/6/2008,36.593582,25.809999,31.370001
3/7/2008,35.912998,25.219999,31.030001
3/10/2008,35.240734,24.73,30.25
3/11/2008,36.637852,25.76,31.129999
3/12/2008,36.1703,25.639999,31.139999
3/13/2008,36.895149,25.870001,31.639999
3/14/2008,36.408222,25.280001,31.219999
3/17/2008,35.0443,24.709999,30.129999
3/18/2008,36.098354,25.360001,30.690001
3/19/2008,33.921066,24.91,29.02
3/20/2008,33.821476,24.84,29.02
3/24/2008,34.291794,25.52,29.700001
3/25/2008,34.892128,25.52,30.440001
3/26/2008,35.628059,26.030001,30.5
3/27/2008,35.395653,25.85,30.5
3/28/2008,35.282215,25.780001,30.26
3/31/2008,35.334789,25.76,30.309999
4/1/2008,35.794044,26.389999,30.68
4/2/2008,36.36673,26.700001,31.1
4/3/2008,36.521656,27.26,31.51
4/4/2008,37.016872,27.59,31.620001
4/7/2008,37.097115,27.67,31.629999
4/8/2008,37.337799,27.68,31.68
4/9/2008,37.525917,27.01,31.58
4/10/2008,37.6283,26.940001,31.91
4/11/2008,37.033474,26.5,31.24
4/14/2008,37.625515,26.27,31.48
4/15/2008,38.065407,26.799999,31.77
4/16/2008,39.296535,27.889999,32.98
4/17/2008,39.202477,27.379999,32.740002
4/18/2008,39.91901,27.370001,33.150002
4/21/2008,40.259312,28.18,33.41
4/22/2008,40.151409,27.860001,33.43
4/23/2008,39.600861,28.389999,32.509998
4/24/2008,38.662994,27.93,32.330002
4/25/2008,39.324192,27.93,32.650002
4/28/2008,39.221851,27.77,32.630001
4/29/2008,38.306118,27.459999,31.99
4/30/2008,38.582756,27.780001,32.459999
5/1/2008,37.94368,27.959999,32.360001
5/2/2008,38.599354,28.43,32.91
5/5/2008,39.221851,28.610001,33.040001
5/6/2008,40.239941,28.84,33.75
5/7/2008,39.849861,27.860001,33.490002
5/8/2008,40.748993,28.620001,33.75
5/9/2008,40.583,28.790001,33.93
5/12/2008,40.621719,29.52,34.450001
5/13/2008,41.100342,29.26,34.27
5/14/2008,40.638325,29.43,34.259998
5/15/2008,41.399147,29.879999,34.869999
5/16/2008,42.588776,30.32,35.32
5/19/2008,42.98439,30.190001,35.389999
5/20/2008,43.565376,29.75,35.75
5/21/2008,42.93182,29.469999,35.34
5/22/2008,42.483639,29.639999,35.41
5/23/2008,41.852879,29.129999,35.130001
5/27/2008,41.371479,29.27,34.439999
5/28/2008,42.065891,29.129999,34.970001
5/29/2008,41.092049,29.01,34.68
5/30/2008,41.531937,29.27,35.009998
6/2/2008,41.706226,28.84,34.91
6/3/2008,41.114185,28.18,34.400002
6/4/2008,40.480629,28.07,34.150002
6/5/2008,42.212509,28.6,34.889999
6/6/2008,41.891594,28.02,34.66
6/9/2008,42.724346,27.700001,34.619999
6/10/2008,41.598335,27.32,33.959999
6/11/2008,41.930328,27.08,34.220001
6/12/2008,41.177818,26.65,33.720001
6/13/2008,41.507038,27.09,33.970001
6/16/2008,41.794781,26.860001,34.529999
6/17/2008,42.558331,27.33,35.009998
6/18/2008,42.751991,27.25,34.98
6/19/2008,41.761566,27.389999,34.389999
6/20/2008,41.412968,26.629999,33.810001
6/23/2008,42.793636,26.73,34.060001
6/24/2008,41.988659,26.75,33.599998
6/25/2008,41.661133,26.950001,33.459999
6/26/2008,41.541775,26.540001,33.099998
6/27/2008,41.94981,26.9,33.240002
6/30/2008,42.535488,26.469999,33.16
7/1/2008,42.790844,25.98,33.240002
7/2/2008,41.15316,25.57,32.529999
7/3/2008,40.772888,25.549999,32.299999
7/7/2008,39.804153,25.32,31.82
7/8/2008,39.187931,25.469999,31.940001
7/9/2008,38.446812,25.120001,31.66
7/10/2008,39.687572,25.57,32.029999
7/11/2008,39.718121,25.26,31.870001
7/14/2008,40.198311,25.450001,32.040001
7/15/2008,38.616142,24.969999,31.16
7/16/2008,37.930527,25.620001,31.66
7/17/2008,37.0756,25.67,31.459999
7/18/2008,37.430897,25.49,31.620001
7/21/2008,38.491226,26.219999,32.130001
7/22/2008,37.400356,26.219999,31.860001
7/23/2008,35.868149,26.459999,31.52
7/24/2008,35.48233,25.879999,30.559999
7/25/2008,35.840397,25.700001,30.860001
7/28/2008,35.815418,24.76,30.540001
7/29/2008,35.39904,24.98,30.639999
7/30/2008,37.256027,25.17,31.530001
7/31/2008,36.12352,24.879999,31.35
8/1/2008,36.015259,24.190001,30.799999
8/4/2008,34.058361,23.959999,29.799999
8/5/2008,34.041706,24.17,29.9
8/6/2008,35.040981,24.370001,30.25
8/7/2008,34.458084,23.950001,29.83
8/8/2008,33.89183,23.98,29.35
8/11/2008,33.625351,23.889999,29.17
8/12/2008,33.650337,23.610001,29.09
8/13/2008,34.941071,23.34,29.549999
8/14/2008,34.42477,23.190001,29.59
8/15/2008,33.700302,23.059999,29.120001
8/18/2008,33.392189,23.030001,28.969999
8/19/2008,34.29985,22.75,28.969999
8/20/2008,35.407379,23.27,29.620001
8/21/2008,36.389996,23.280001,30.5
8/22/2008,35.682178,23.309999,30.24
8/25/2008,35.215855,22.98,29.76
8/26/2008,35.765453,23.040001,29.82
8/27/2008,36.373341,23.34,30.41
8/28/2008,36.048576,23.959999,30.74
8/29/2008,35.690506,23.82,30.379999
9/2/2008,33.783566,23.24,29.299999
9/3/2008,33.433834,22.99,29.09
9/4/2008,32.61776,21.67,28.120001
9/5/2008,32.667725,21.59,28.34
9/8/2008,32.068169,22.389999,27.98
9/9/2008,29.778168,21.07,26.700001
9/10/2008,30.869041,21.450001,27.440001
9/11/2008,31.343685,21.24,27.860001
9/12/2008,32.426231,22.26,28.41
9/15/2008,30.244495,20.66,26.959999
9/16/2008,30.902349,20.940001,27.120001
9/17/2008,30.294466,19.74,26.309999
9/18/2008,31.127184,20.74,26.969999
9/19/2008,33.50045,22.290001,29.01
9/22/2008,33.142368,22.68,29.129999
9/23/2008,32.342949,22.43,28.870001
9/24/2008,32.284672,22.700001,28.709999
9/25/2008,32.701031,23.030001,28.66
9/26/2008,31.951584,22.6,27.77
9/29/2008,28.937122,19.799999,25.799999
9/30/2008,29.953043,20.540001,26.34
10/1/2008,29.245228,20.75,26.15
10/2/2008,26.713753,19.6,24.01
10/3/2008,26.49724,19.48,23.530001
10/6/2008,25.13991,17.110001,22.33
10/7/2008,23.441145,17.02,21.040001
10/8/2008,23.599369,15.96,21.559999
10/9/2008,21.634136,15.54,19.92
10/10/2008,19.81048,14.41,18.85
10/13/2008,23.074755,17.4,21.18
10/14/2008,22.999805,16.58,20.4
10/15/2008,19.302523,14.93,18.75
10/16/2008,20.235167,15.96,18.799999
10/17/2008,20.518299,15.1,19.07
10/20/2008,22.89155,16.709999,20.290001
10/21/2008,21.60083,15.68,19.18
10/22/2008,19.377468,14.56,17.559999
10/23/2008,20.07695,14.61,17.66
10/24/2008,19.310846,13.24,17.190001
10/27/2008,17.945179,12.7,15.79
10/28/2008,20.026981,14.4,17.190001
10/29/2008,20.851379,14.35,18.129999
10/30/2008,22.217047,15.24,19.25
10/31/2008,22.316969,14.99,19.18
11/3/2008,21.684103,15.8,19.57
11/4/2008,23.516098,17.1,21.08
11/5/2008,22.36694,16.23,20.18
11/6/2008,20.893015,14.89,19.219999
11/7/2008,21.759045,15.55,19.219999
11/10/2008,21.892284,14.83,19.32
11/11/2008,20.992947,14.28,18.610001
11/12/2008,19.260885,13.35,17.07
11/13/2008,21.44261,14.52,18.360001
11/14/2008,20.401714,13.36,17.530001
11/17/2008,19.868771,12.89,17.15
11/18/2008,20.584913,12.88,17.030001
11/19/2008,19.152628,11.92,16.26
11/20/2008,16.754393,10.96,14.47
11/21/2008,18.894482,12.37,15.2
11/24/2008,20.260153,12.88,16.18
11/25/2008,20.676514,13.48,16.49
11/26/2008,22.025524,13.52,16.75
11/28/2008,21.767378,13.66,17.110001
12/1/2008,19.460733,12.5,16.34
12/2/2008,20.026981,13.05,16.030001
12/3/2008,19.943712,13.23,15.98
12/4/2008,18.52808,12.55,15.26
12/5/2008,18.727938,12.92,15.44
12/8/2008,19.9687,13.84,16.32
12/9/2008,20.060297,13.13,16.059999
12/10/2008,21.226109,13.43,16.32
12/11/2008,21.159487,13.35,16.389999
12/12/2008,20.967966,13.39,16.469999
12/15/2008,21.042912,13.38,16.5
12/16/2008,21.858973,14.34,17.360001
12/17/2008,21.709085,14.1,17.299999
12/18/2008,20.34342,13.45,16.82
12/19/2008,20.493313,13.71,16.799999
12/22/2008,19.697203,13.66,16.34
12/23/2008,19.672031,12.59,16.290001
12/24/2008,19.655254,12.87,16.219999
12/26/2008,20.099869,13.12,16.190001
12/29/2008,20.611593,12.94,16.690001
12/30/2008,20.938766,13.39,17.09
12/31/2008,21.240767,14.01,17.43
1/2/2009,22.289383,14.16,17.879999
1/5/2009,22.759161,13.97,18.42
1/6/2009,23.254105,14.41,18.879999
1/7/2009,22.029316,13.85,18.120001
1/8/2009,22.465544,13.96,18.51
1/9/2009,21.618265,13.5,18.040001
1/12/2009,20.661934,13,17.15
1/13/2009,21.098148,12.75,17.309999
1/14/2009,20.074707,12.3,16.52
1/15/2009,20.276039,12.51,16.719999
1/16/2009,20.527712,12.57,16.940001
1/20/2009,19.328091,11.51,15.75
1/21/2009,20.544477,12.17,16.469999
1/22/2009,19.906929,11.8,15.95
1/23/2009,20.804543,11.59,16.49
1/26/2009,21.12332,11.66,16.65
1/27/2009,21.047817,11.99,16.870001
1/28/2009,21.643431,12.42,17.370001
1/29/2009,21.047817,11.78,16.92
1/30/2009,20.636761,11.61,16.700001
2/2/2009,20.2341,11.66,16.370001
2/3/2009,20.552868,12.09,16.57
2/4/2009,20.796152,11.71,16.66
2/5/2009,21.349823,12.03,17.1
2/6/2009,21.777653,12.67,17.459999
2/9/2009,21.911879,12.69,17.6
2/10/2009,20.930378,11.71,16.780001
2/11/2009,20.82132,12.06,16.709999
2/12/2009,20.89682,12.14,16.719999
2/13/2009,20.779377,12.25,16.58
2/17/2009,19.579758,11.41,15.52
2/18/2009,19.420364,11.47,15.36
2/19/2009,19.311312,11.59,15.29
2/20/2009,18.908642,11.58,15.06
2/23/2009,17.969084,11.19,14.41
2/24/2009,18.615034,11.74,14.89
2/25/2009,18.556313,11.42,14.89
2/26/2009,18.70731,11.39,15.35
2/27/2009,18.44725,11.22,15.09
3/2/2009,16.945631,10.59,13.97
3/3/2009,17.197302,10.78,13.98
3/4/2009,17.994253,11.23,14.5
3/5/2009,17.432194,10.68,14.02
3/6/2009,17.50769,10.77,14.03
3/9/2009,17.516083,10.51,13.79
3/10/2009,18.153637,11.31,14.59
3/11/2009,18.262695,11.39,14.81
3/12/2009,18.841526,11.65,15.45
3/13/2009,18.757645,11.92,15.48
3/16/2009,18.984138,11.97,15.74
3/17/2009,19.571371,12.52,16.059999
3/18/2009,19.948875,12.71,16.540001
3/19/2009,20.729042,12.94,16.83
3/20/2009,19.974039,12.85,16.34
3/23/2009,21.408541,13.7,17.459999
3/24/2009,20.921991,13.39,17.15
3/25/2009,21.081373,13.63,17.139999
3/26/2009,21.324656,14.01,17.51
3/27/2009,20.653543,13.6,17.059999
3/30/2009,19.806259,12.95,16.200001
3/31/2009,19.814651,13.39,16.459999
4/1/2009,20.301201,13.62,16.99
4/2/2009,20.989096,14.41,17.41
4/3/2009,21.307871,14.56,17.74
4/6/2009,20.82132,14.32,17.549999
4/7/2009,20.2341,13.98,17.07
4/8/2009,20.519314,13.88,17.24
4/9/2009,21.198822,14.42,18.01
4/13/2009,21.207211,14.7,18.26
4/14/2009,20.963928,14.5,18.08
4/15/2009,21.114923,14.74,18.389999
4/16/2009,21.17366,14.78,18.530001
4/17/2009,21.358208,14.71,18.639999
4/20/2009,20.301201,13.73,17.68
4/21/2009,20.720654,14.15,17.959999
4/22/2009,20.603205,13.87,17.959999
4/23/2009,21.114923,14.4,18.49
4/24/2009,21.802826,14.59,18.93
4/27/2009,21.366594,14.2,18.450001
4/28/2009,21.190437,13.99,18.290001
4/29/2009,21.819605,14.6,18.809999
4/30/2009,21.559544,14.69,18.74
5/1/2009,22.322937,14.81,19.35
5/4/2009,23.472223,15.64,20.24
5/5/2009,23.195385,15.49,20.24
5/6/2009,24.134945,15.8,20.940001
5/7/2009,23.7155,15.69,20.4
5/8/2009,24.906725,16.379999,21.35
5/11/2009,24.252388,15.75,20.92
5/12/2009,24.260782,15.88,20.959999
5/13/2009,23.287661,15.08,19.82
5/14/2009,23.455446,15.3,20.32
5/15/2009,22.968884,15.01,20.01
5/18/2009,23.723892,15.65,20.889999
5/19/2009,23.992331,15.94,21.01
5/20/2009,24.395002,15.95,21.65
5/21/2009,23.707109,15.66,21.139999
5/22/2009,23.866499,15.81,21.51
5/26/2009,24.445332,16.24,22.190001
5/27/2009,24.143335,15.68,21.93
5/28/2009,25.024172,15.82,22.57
5/29/2009,25.603004,16.469999,23.1
6/1/2009,26.416733,17.16,23.5
6/2/2009,26.324451,17.450001,23.639999
6/3/2009,25.057728,16.98,22.549999
6/4/2009,25.636564,16.9,23.09
6/5/2009,25.39328,16.85,22.780001
6/8/2009,25.376505,16.610001,22.77
6/9/2009,25.611397,17.02,23.08
6/10/2009,25.636564,17.35,23.01
6/11/2009,26.257347,17.85,23.370001
6/12/2009,25.812727,17.65,23.030001
6/15/2009,24.957064,16.860001,22.120001
6/16/2009,24.453724,16.719999,21.91
6/17/2009,23.874891,16.48,21.440001
6/18/2009,23.841333,16.719999,21.469999
6/19/2009,23.690336,16.809999,21.77
6/22/2009,22.360043,16.110001,20.559999
6/23/2009,22.630148,16.030001,20.57
6/24/2009,22.883377,16.309999,21.040001
6/25/2009,23.567095,16.67,21.6
6/26/2009,24.132639,16.809999,21.58
6/29/2009,23.541771,16.969999,21.85
6/30/2009,23.389832,16.799999,21.42
7/1/2009,23.432037,16.870001,21.73
7/2/2009,22.630148,16.219999,21.26
7/6/2009,22.106815,16.120001,20.85
7/7/2009,21.600357,15.65,20.299999
7/8/2009,21.465302,15.55,19.870001
7/9/2009,21.811384,15.75,20.24
7/10/2009,21.676325,15.72,20.030001
7/13/2009,22.106815,15.85,20.530001
7/14/2009,22.511978,16.41,21.120001
7/15/2009,23.406715,17.219999,22.040001
7/16/2009,23.676823,17.35,22.23
7/17/2009,23.913174,17.280001,22.41
7/20/2009,24.461832,17.809999,22.940001
7/21/2009,24.60533,17.719999,22.84
7/22/2009,24.43651,17.690001,22.940001
7/23/2009,25.145548,18.030001,23.690001
7/24/2009,25.348125,17.98,23.82
7/27/2009,25.348125,18.219999,23.99
7/28/2009,24.892317,18.290001,23.58
7/29/2009,24.242369,18.030001,23.15
7/30/2009,24.740381,18.610001,23.76
7/31/2009,25.094904,18.93,24.200001
8/3/2009,26.048729,19.440001,24.84
8/4/2009,25.87991,19.43,24.709999
8/5/2009,25.652006,19.26,24.75
8/6/2009,25.356573,19.379999,24.17
8/7/2009,25.381893,19.469999,24.120001
8/10/2009,25.29748,19.25,23.85
8/11/2009,24.858557,19.08,23.190001
8/12/2009,25.196192,19.530001,23.52
8/13/2009,25.660448,20.120001,23.860001
8/14/2009,25.162426,19.610001,23.620001
8/17/2009,24.284575,19.120001,22.77
8/18/2009,24.655977,19.469999,23.1
8/19/2009,25.010494,19.559999,23.33
8/20/2009,25.221514,19.5,23.51
8/21/2009,26.006529,19.49,23.93
8/24/2009,26.090931,19.91,23.950001
8/25/2009,25.77018,19.93,24.07
8/26/2009,25.685766,19.74,23.92
8/27/2009,25.744862,20.16,24.190001
8/28/2009,25.846148,20.370001,24.15
8/31/2009,25.272161,20.27,23.780001
9/1/2009,24.740381,19.85,23.17
9/2/2009,24.875439,19.799999,23.190001
9/3/2009,25.204634,20.190001,23.84
9/4/2009,25.660448,20.530001,24.25
9/8/2009,26.293518,21.120001,24.620001
9/9/2009,26.259758,21.190001,24.450001
9/10/2009,26.842176,21.469999,24.799999
9/11/2009,27.146053,21.43,25.01
9/14/2009,27.289543,21.32,25.16
9/15/2009,27.770678,21.32,25.77
9/16/2009,28.42063,22.32,26.049999
9/17/2009,28.158964,22.030001,25.950001
9/18/2009,27.990147,22.049999,25.9
9/21/2009,27.711596,21.82,25.440001
9/22/2009,28.243376,22.209999,26.040001
9/23/2009,27.627182,22.17,25.700001
9/24/2009,26.98567,21.790001,24.93
9/25/2009,26.88438,22,24.68
9/28/2009,27.331749,22.360001,25.049999
9/29/2009,27.407724,22.459999,25.16
9/30/2009,27.331749,22.6,25.48
10/1/2009,26.361042,21.780001,24.42
10/2/2009,26.22599,21.440001,24.280001
10/5/2009,26.935026,21.870001,24.83
10/6/2009,27.720036,22.360001,25.360001
10/7/2009,27.914173,22.629999,25.530001
10/8/2009,28.673862,23.48,26.049999
10/9/2009,28.707624,23.370001,26.110001
10/12/2009,29.028378,23.440001,26.33
10/13/2009,29.104351,23.43,26.280001
10/14/2009,29.585491,24.15,26.799999
10/15/2009,29.965334,24.32,26.559999
10/16/2009,29.864035,24.040001,26.5
10/19/2009,30.243874,24.370001,26.790001
10/20/2009,29.897795,24.110001,26.25
10/21/2009,29.804951,24.09,26.07
10/22/2009,29.864035,24.41,26.27
10/23/2009,29.239407,24.15,25.84
10/26/2009,28.547239,23.809999,25.110001
10/27/2009,28.547239,23.52,24.709999
10/28/2009,27.424599,22.459999,23.870001
10/29/2009,28.412188,22.92,24.65
10/30/2009,27.205137,21.93,23.85
11/2/2009,27.441479,22.280001,23.950001
11/3/2009,28.015469,22.129999,24.459999
11/4/2009,28.066114,22.309999,24.639999
11/5/2009,28.505037,22.530001,24.92
11/6/2009,28.479723,22.93,24.9
11/9/2009,29.332253,23.959999,25.92
11/10/2009,29.315376,24.030001,25.9
11/11/2009,29.315376,24.129999,26.01
11/12/2009,28.640095,23.65,25.58
11/13/2009,28.87644,24.110001,25.870001
11/16/2009,29.602369,24.5,26.110001
11/17/2009,29.593927,24.129999,26.379999
11/18/2009,29.43354,24.02,26.32
11/19/2009,28.834236,23.52,25.92
11/20/2009,28.530369,23.299999,25.77
11/23/2009,28.969296,23.790001,26.25
11/24/2009,29.011501,23.41,26.02
11/25/2009,29.458858,23.99,26.48
11/27/2009,29.112791,22.82,25.690001
11/30/2009,28.707624,23.33,25.91
12/1/2009,29.222517,23.9,26.73
12/2/2009,29.230963,23.879999,26.74
12/3/2009,28.336222,23.620001,26.25
12/4/2009,28.327785,23.52,25.91
12/7/2009,28.201168,23.129999,25.98
12/8/2009,27.534327,22.67,25.4
12/9/2009,27.78756,22.809999,25.67
12/10/2009,28.133648,23.07,25.879999
12/11/2009,28.074558,22.959999,25.610001
12/14/2009,28.564127,23.17,26.01
12/15/2009,28.606333,22.83,25.889999
12/16/2009,28.918653,22.74,26.139999
12/17/2009,28.42063,22.389999,25.59
12/18/2009,28.555687,22.530001,25.700001
12/21/2009,28.884159,22.27,25.85
12/22/2009,29.053923,21.780001,25.940001
12/23/2009,29.46134,22.08,26.27
12/24/2009,29.580172,22.530001,26.379999
12/28/2009,29.597143,22.58,26.5
12/29/2009,29.418898,22.809999,26.450001
12/30/2009,29.283094,22.799999,26.190001
12/31/2009,29.12183,22.84,26.33
1/4/2010,30.089441,23.719999,26.92
1/5/2010,30.394999,23.790001,27.07
1/6/2010,30.785448,23.879999,27.280001
1/7/2010,30.624186,23.77,27.190001
1/8/2010,30.895784,24.049999,27.33
1/11/2010,30.827887,24.290001,27.25
1/12/2010,30.131889,23.49,26.77
1/13/2010,30.505346,23.85,27.040001
1/14/2010,30.437452,24.15,27.120001
1/15/2010,30.038509,23.639999,26.719999
1/19/2010,30.462906,23.99,26.75
1/20/2010,29.665056,23.280001,26.139999
1/21/2010,28.935095,22.5,25.6
1/22/2010,28.30699,22.040001,25.08
1/25/2010,28.527679,22.379999,25.15
1/26/2010,28.17967,21.98,25.07
1/27/2010,28.06933,21.879999,24.950001
1/28/2010,27.772257,21.68,24.690001
1/29/2010,27.169615,21.1,24.440001
2/1/2010,28.256063,21.610001,24.9
2/2/2010,28.536165,21.76,25.200001
2/3/2010,28.196657,21.49,25.09
2/4/2010,26.991375,20.469999,24.33
2/5/2010,27.229036,20.59,24.51
2/8/2010,26.813128,20.459999,24.25
2/9/2010,27.500643,21.059999,24.73
2/10/2010,27.356352,20.93,24.92
2/11/2010,27.975964,21.66,25.49
2/12/2010,27.942011,21.280001,25.5
2/16/2010,28.748354,22.139999,26.08
2/17/2010,28.621035,22.379999,26.110001
2/18/2010,28.935095,22.549999,26.42
2/19/2010,29.002993,22.379999,26.440001
2/22/2010,28.502214,22.68,26.280001
2/23/2010,27.90806,22.219999,25.620001
2/24/2010,28.06933,22.34,25.719999
2/25/2010,28.145727,21.82,25.83
2/26/2010,28.357922,22.139999,25.91
3/1/2010,28.722893,22.77,26.440001
3/2/2010,29.053923,22.889999,26.83
3/3/2010,29.189724,23.15,27.030001
3/4/2010,28.884159,23.02,26.950001
3/5/2010,29.529253,23.610001,27.360001
3/8/2010,29.393438,23.48,27.42
3/9/2010,29.393438,23.719999,27.360001
3/10/2010,29.537727,23.799999,27.41
3/11/2010,29.537727,23.73,27.51
3/12/2010,29.622606,23.719999,27.690001
3/15/2010,29.164267,23.469999,27.65
3/16/2010,29.665056,23.889999,28.049999
3/17/2010,29.953638,24.16,28.190001
3/18/2010,29.444357,23.98,27.92
3/19/2010,29.036947,23.75,27.73
3/22/2010,29.028467,23.91,27.67
3/23/2010,29.215197,24.25,27.92
3/24/2010,28.867188,23.76,27.469999
3/25/2010,28.340948,23.82,27.52
3/26/2010,28.3664,23.83,27.48
3/29/2010,28.986021,24.219999,27.82
3/30/2010,29.062414,24.26,27.91
3/31/2010,29.240656,24.01,27.91
4/1/2010,29.919682,24.469999,28.42
4/5/2010,30.51384,24.620001,28.629999
4/6/2010,30.496855,24.780001,28.610001
4/7/2010,30.293152,24.6,28.370001
4/8/2010,30.488371,24.59,28.459999
4/9/2010,30.726038,24.790001,28.620001
4/12/2010,30.717539,24.709999,28.57
4/13/2010,30.581749,24.66,28.48
4/14/2010,30.921251,25.120001,28.780001
4/15/2010,30.878817,25.07,28.74
4/16/2010,30.233734,24.48,28.07
4/19/2010,30.174311,24.32,28.110001
4/20/2010,30.819401,24.67,28.639999
4/21/2010,30.759979,24.549999,28.57
4/22/2010,30.870321,24.379999,28.65
4/23/2010,31.557837,24.290001,28.77
4/26/2010,31.489929,24.24,28.85
4/27/2010,30.564764,23.35,28.040001
4/28/2010,30.929741,23.75,28.110001
4/29/2010,31.107988,23.959999,28.620001
4/30/2010,30.776958,23.440001,28.23
5/3/2010,30.997641,23.73,28.459999
5/4/2010,30.174311,22.49,27.629999
5/5/2010,29.571686,22.299999,27.139999
5/6/2010,28.57011,20.809999,26.389999
5/7/2010,28.162697,20.84,26.360001
5/10/2010,29.486809,22.43,27.51
5/11/2010,29.495293,21.92,27.67
5/12/2010,29.962112,22.08,28.16
5/13/2010,29.648067,21.950001,27.860001
5/14/2010,29.113335,21.209999,27.360001
5/17/2010,28.73988,21,27.040001
5/18/2010,28.485237,20.440001,26.809999
5/19/2010,28.026894,19.73,26.49
5/20/2010,26.745228,18.469999,25.200001
5/21/2010,27.262989,19.290001,25.68
5/24/2010,26.711277,19.25,25.379999
5/25/2010,26.931957,19.1,25.43
5/26/2010,26.889521,18.940001,25.469999
5/27/2010,28.111774,20.24,26.389999
5/28/2010,27.670408,20.110001,26.17
6/1/2010,26.58396,19.48,25.860001
6/2/2010,27.831671,20.059999,26.719999
6/3/2010,27.992943,20.120001,26.67
6/4/2010,26.957426,19.08,25.700001
6/7/2010,26.719765,18.65,25.48
6/8/2010,27.195082,19.43,25.91
6/9/2010,26.965912,19.48,25.790001
6/10/2010,28.213623,20.52,26.59
6/11/2010,28.417332,20.629999,26.59
6/14/2010,28.273045,20.780001,26.66
6/15/2010,29.062414,21.23,27.379999
6/16/2010,29.070904,21.09,27.43
6/17/2010,29.062414,21.040001,27.43
6/18/2010,29.317055,21.23,27.620001
6/21/2010,29.128485,21.459999,27.51
6/22/2010,28.326469,21.059999,27.08
6/23/2010,28.207031,20.74,26.65
6/24/2010,27.584181,20.32,26.200001
6/25/2010,27.9084,20.440001,26.43
6/28/2010,27.507395,20.16,26.25
6/29/2010,26.500605,19.200001,25.030001
6/30/2010,26.312906,18.98,24.870001
7/1/2010,26.099602,18.99,24.610001
7/2/2010,26.005747,18.98,24.610001
7/6/2010,26.193455,19.280001,24.82
7/7/2010,27.131983,19.879999,25.440001
7/8/2010,27.413538,20.35,25.65
7/9/2010,27.695101,20.5,26.209999
7/12/2010,27.550056,20.360001,26.139999
7/13/2010,27.951063,20.620001,26.440001
7/14/2010,27.806019,20.73,26.309999
7/15/2010,27.797487,20.709999,26.469999
7/16/2010,26.95281,20.040001,25.68
7/19/2010,27.106386,20.1,25.58
7/20/2010,27.746302,20.790001,26.059999
7/21/2010,27.396475,20.32,25.65
7/22/2010,28.061977,20.959999,26.23
7/23/2010,28.189968,21.309999,26.389999
7/26/2010,28.437399,21.610001,26.58
7/27/2010,28.113174,21.530001,26.440001
7/28/2010,27.985186,21.379999,26.34
7/29/2010,28.019314,21.559999,26.52
7/30/2010,28.070509,21.549999,26.66
8/2/2010,28.940783,22.26,27.139999
8/3/2010,28.872519,22.02,26.99
8/4/2010,29.111416,22.25,27.23
8/5/2010,29.13702,22.08,27.09
8/6/2010,28.906654,22.07,26.879999
8/9/2010,28.99197,22.280001,26.98
8/10/2010,28.804266,21.889999,26.83
8/11/2010,27.81455,20.889999,25.9
8/12/2010,27.771887,20.84,25.799999
8/13/2010,27.618307,21,25.77
8/16/2010,27.686567,21.23,25.73
8/17/2010,28.232624,21.610001,26.459999
8/18/2010,28.1217,21.459999,26.68
8/19/2010,27.652435,21.040001,26.309999
8/20/2010,27.353817,21.1,26.09
8/23/2010,27.242899,20.9,25.940001
8/24/2010,26.765104,20.41,25.43
8/25/2010,26.773634,20.360001,25.57
8/26/2010,26.679783,20.450001,25.639999
8/27/2010,27.430611,21.17,26.32
8/30/2010,27.106386,21.02,26.209999
8/31/2010,27.046659,21.059999,26.1
9/1/2010,27.916937,22.23,26.639999
9/2/2010,28.207031,22.25,26.860001
9/3/2010,28.505644,22.42,27.23
9/7/2010,28.138767,22.219999,27.01
9/8/2010,28.309408,22.43,27.120001
9/9/2010,28.283819,22.75,27.190001
9/10/2010,28.556837,22.700001,27.24
9/13/2010,28.8384,23.23,27.610001
9/14/2010,28.829865,23.42,27.690001
9/15/2010,28.753077,23.41,27.6
9/16/2010,28.710421,23.200001,27.67
9/17/2010,28.590967,23.120001,27.540001
9/20/2010,29.000505,23.639999,27.780001
9/21/2010,28.966379,23.540001,27.709999
9/22/2010,28.846924,23.559999,27.49
9/23/2010,28.616562,23.33,27.299999
9/24/2010,29.230871,23.950001,27.799999
9/27/2010,29.102894,23.98,27.66
9/28/2010,29.392981,24.379999,27.809999
9/29/2010,29.640415,24.129999,27.889999
9/30/2010,29.640415,23.74,28.030001
10/1/2010,30.049953,23.99,28.33
10/4/2010,29.631882,23.780001,28.15
10/5/2010,30.416836,24.32,28.719999
10/6/2010,30.681326,24.530001,28.9
10/7/2010,30.382708,24.469999,28.549999
10/8/2010,30.84343,24.860001,28.91
10/11/2010,30.89463,24.73,29
10/12/2010,30.86903,24.51,29.01
10/13/2010,31.355358,24.68,29.4
10/14/2010,31.235901,24.889999,29.27
10/15/2010,31.193251,24.84,29.08
10/18/2010,31.338297,24.76,29.01
10/19/2010,30.391235,23.91,28.41
10/20/2010,30.766651,24.469999,28.809999
10/21/2010,30.587481,24.200001,28.639999
10/22/2010,30.775175,24.34,28.59
10/25/2010,30.97994,24.879999,28.879999
10/26/2010,30.997017,24.66,28.809999
10/27/2010,30.775175,24.209999,28.469999
10/28/2010,30.834888,24.459999,28.6
10/29/2010,30.971424,24.469999,28.92
11/1/2010,31.090855,24.639999,29.030001
11/2/2010,31.466278,25.18,29.219999
11/3/2010,31.466278,25.389999,29.280001
11/4/2010,32.609577,26.24,29.93
11/5/2010,32.746078,26.27,30.01
11/8/2010,33.010578,26.02,30.15
11/9/2010,32.763153,25.459999,29.85
11/10/2010,33.223877,25.57,30.059999
11/11/2010,33.522503,25.280001,29.959999
11/12/2010,32.916725,24.790001,29.389999
11/15/2010,32.711956,24.809999,29.370001
11/16/2010,31.969673,24.32,28.65
11/17/2010,32.089111,24.32,28.719999
11/18/2010,32.771683,24.82,29.24
11/19/2010,33.095898,24.620001,29.549999
11/22/2010,33.078838,24.59,29.549999
11/23/2010,32.464531,23.709999,29.049999
11/24/2010,33.019108,24.32,29.620001
11/26/2010,32.583973,23.65,29.379999
11/29/2010,32.763153,23.92,29.440001
11/30/2010,32.703419,23.52,29.33
12/1/2010,33.641956,24.17,30.040001
12/2/2010,34.239204,24.74,30.440001
12/3/2010,34.546352,25.049999,30.5
12/6/2010,34.785255,24.9,30.559999
12/7/2010,34.571945,24.940001,30.41
12/8/2010,34.239204,24.780001,30.209999
12/9/2010,34.384254,25.01,30.27
12/10/2010,34.563412,25.200001,30.5
12/13/2010,34.887642,25.5,30.65
12/14/2010,34.776707,25.620001,30.629999
12/15/2010,34.469563,25.139999,30.57
12/16/2010,34.571945,25.41,30.459999
12/17/2010,34.597549,25.290001,30.379999
12/20/2010,34.862072,25.290001,30.23
12/21/2010,35.206722,24.940001,30.219999
12/22/2010,35.318737,25.09,30.34
12/23/2010,35.396294,25.200001,30.5
12/27/2010,35.223961,25.17,30.459999
12/28/2010,35.48246,25.24,30.67
12/29/2010,35.809864,25.43,30.950001
12/30/2010,35.844326,25.42,30.93
12/31/2010,35.921886,25.440001,31
1/3/2011,36.120064,25.59,31.25
1/4/2011,35.740952,24.93,30.92
1/5/2011,35.77541,24.76,30.98
1/6/2011,35.31012,24.51,30.83
1/7/2011,35.447983,24.42,30.85
1/10/2011,35.404896,24.450001,30.73
1/11/2011,36.033894,24.41,31.18
1/12/2011,36.404415,24.709999,31.440001
1/13/2011,36.14592,24.879999,31.24
1/14/2011,36.318249,24.889999,31.32
1/18/2011,36.637047,25.1,31.49
1/19/2011,36.14592,25.08,31.129999
1/20/2011,35.809864,24.66,30.85
1/21/2011,35.827114,24.639999,30.92
1/24/2011,35.982197,25.030001,31
1/25/2011,35.749557,24.91,30.719999
1/26/2011,36.731831,25.1,31.24
1/27/2011,36.404415,25.030001,31.190001
1/28/2011,36.404415,24.57,31.01
1/31/2011,37.274677,24.870001,31.290001
2/1/2011,37.869198,25.370001,31.92
2/2/2011,37.843353,25.290001,31.969999
2/3/2011,37.989834,25.629999,32.209999
2/4/2011,37.7658,25.860001,32.209999
2/7/2011,37.91227,25.950001,32.189999
2/8/2011,37.946743,26.1,32.23
2/9/2011,37.412529,25.969999,32.009998
2/10/2011,37.688251,25.860001,32.119999
2/11/2011,37.679642,25.790001,32.220001
2/14/2011,38.463734,26.030001,32.48
2/15/2011,38.27417,25.77,32.470001
2/16/2011,38.808388,26.02,32.950001
2/17/2011,39.221985,26.309999,33.110001
2/18/2011,39.256447,26.27,33.110001
2/22/2011,38.704998,25.32,32.599998
2/23/2011,39.359848,25.42,32.650002
2/24/2011,38.756683,25.530001,32.610001
2/25/2011,39.4977,26.030001,33.18
2/28/2011,39.894058,26.110001,33.669998
3/1/2011,39.359848,25.530001,33.470001
3/2/2011,39.575253,25.84,33.630001
3/3/2011,39.980236,26.110001,33.889999
3/4/2011,39.911301,25.950001,33.98
3/7/2011,39.514942,25.540001,33.529999
3/8/2011,39.144444,25.73,33.400002
3/9/2011,38.816994,25.559999,33.220001
3/10/2011,37.412529,24.68,32.349998
3/11/2011,38.032913,24.969999,32.59
3/14/2011,38.11047,24.709999,32.450001
3/15/2011,37.817497,24,31.92
3/16/2011,37.205742,23.450001,31.629999
3/17/2011,38.317265,23.74,32.310001
3/18/2011,38.317265,24.4,32.48
3/21/2011,39.385689,24.950001,33.18
3/22/2011,39.351231,24.950001,33.150002
3/23/2011,39.514942,25.15,33.25
3/24/2011,39.592495,25.66,33.310001
3/25/2011,39.837536,25.77,33.130001
3/28/2011,39.630451,25.75,32.880001
3/29/2011,40.079132,26.16,33.07
3/30/2011,40.458782,26.540001,33.540001
3/31/2011,40.424271,26.620001,33.610001
4/1/2011,40.493301,26.93,33.93
4/4/2011,40.588207,26.9,34
4/5/2011,40.907455,26.870001,34.200001
4/6/2011,40.510559,27.299999,34.209999
4/7/2011,40.50193,27.280001,33.970001
4/8/2011,40.760792,27.559999,34.290001
4/11/2011,39.85479,27.620001,33.759998
4/12/2011,38.707211,27.09,33.119999
4/13/2011,38.741714,27.299999,33.169998
4/14/2011,38.983315,27.360001,33.189999
4/15/2011,39.233543,27.23,33.110001
4/18/2011,38.620926,26.870001,32.759998
4/19/2011,39.09549,26.91,33.110001
4/20/2011,39.863426,27.709999,33.580002
4/21/2011,40.14817,28.040001,33.84
4/25/2011,39.811649,28.07,33.619999
4/26/2011,40.01873,28.219999,33.720001
4/27/2011,40.113651,28.280001,33.73
4/28/2011,40.061878,28.35,33.709999
4/29/2011,40.665867,28.27,33.700001
5/2/2011,40.105026,27.93,33.810001
5/3/2011,39.060974,27.5,33.150002
5/4/2011,38.387966,26.82,32.759998
5/5/2011,37.473354,26.41,32.040001
5/6/2011,37.671803,26.879999,32.279999
5/9/2011,38.344814,27.190001,32.650002
5/10/2011,38.500126,27.33,32.790001
5/11/2011,37.309402,26.790001,32.139999
5/12/2011,37.240379,26.629999,32.040001
5/13/2011,36.981514,26.209999,31.77
5/16/2011,36.757175,26.200001,31.76
5/17/2011,36.774448,26.41,31.91
5/18/2011,37.464706,26.65,32.400002
5/19/2011,37.507851,26.879999,32.470001
5/20/2011,37.499226,26.620001,32.34
5/23/2011,36.877979,25.77,31.76
5/24/2011,37.421562,25.950001,32.09
5/25/2011,38.025566,25.860001,32.419998
5/26/2011,38.249893,26.299999,32.549999
5/27/2011,38.448353,26.540001,32.580002
5/31/2011,38.767597,26.719999,32.900002
6/1/2011,37.749447,26.1,31.969999
6/2/2011,37.714943,26.07,31.940001
6/3/2011,37.689045,25.889999,31.85
6/6/2011,36.8521,25.780001,31.32
6/7/2011,36.8521,25.98,31.360001
6/8/2011,36.774448,25.51,31.08
6/9/2011,37.257637,25.85,31.389999
6/10/2011,36.515583,25.33,30.84
6/13/2011,35.946106,25.4,30.709999
6/14/2011,36.714035,26.059999,31.27
6/15/2011,35.971996,25.34,30.629999
6/16/2011,35.790791,25.110001,30.299999
6/17/2011,35.730404,25.41,30.24
6/20/2011,35.739025,25.23,30.33
6/21/2011,36.627739,25.68,31.049999
6/22/2011,36.567364,25.040001,30.780001
6/23/2011,36.287888,24.9,30.43
6/24/2011,35.638947,24.639999,30
6/27/2011,35.742786,24.6,30.15
6/28/2011,36.711845,25.09,30.67
6/29/2011,37.265591,25.48,31.25
6/30/2011,37.776085,26.049999,31.67
7/1/2011,38.09621,26.24,31.9
7/5/2011,38.47694,25.809999,31.99
7/6/2011,38.4077,25.639999,31.84
7/7/2011,38.91819,26.08,32.029999
7/8/2011,38.61536,25.950001,31.940001
7/11/2011,37.67226,25.219999,31.27
7/12/2011,37.680904,24.860001,31.4
7/13/2011,38.104874,25.33,31.83
7/14/2011,37.836662,25,31.59
7/15/2011,38.848972,24.85,31.959999
7/18/2011,38.675926,24.6,31.6
7/19/2011,39.255634,25.190001,32.099998
7/20/2011,39.298897,25.48,32.240002
7/21/2011,39.869942,25.9,32.59
7/22/2011,40.112202,26.08,32.610001
7/25/2011,39.973774,25.74,32.57
7/26/2011,39.792084,25.98,32.290001
7/27/2011,38.857624,25.68,31.4
7/28/2011,38.632664,25.459999,31.360001
7/29/2011,38.191402,25.209999,30.940001
8/1/2011,38.174099,25.24,31
8/2/2011,37.222336,24.48,30.24
8/3/2011,37.101196,24.209999,30.389999
8/4/2011,34.453587,22.5,28.93
8/5/2011,34.064243,22.280001,28.43
8/8/2011,31.442583,20.49,26.879999
8/9/2011,33.147087,22.49,28.379999
8/10/2011,32.299164,21.43,27.93
8/11/2011,33.744106,22.709999,29.07
8/12/2011,33.951744,22.84,29.02
8/15/2011,35.024647,23.809999,29.690001
8/16/2011,34.367065,23.32,29.26
8/17/2011,34.548759,23.73,29.440001
8/18/2011,32.601986,22.610001,28.23
8/19/2011,32.091496,22.33,27.799999
8/22/2011,32.004982,22.360001,27.9
8/23/2011,33.138439,23.389999,28.620001
8/24/2011,33.242252,23.280001,28.76
8/25/2011,32.66256,22.9,28.52
8/26/2011,33.372044,23.469999,28.700001
8/29/2011,34.28054,24.139999,29.290001
8/30/2011,34.566067,24.120001,29.549999
8/31/2011,34.773727,24.34,29.889999
9/1/2011,34.522816,24.09,29.85
9/2/2011,33.770039,23.48,29.32
9/6/2011,33.467228,22.940001,28.969999
9/7/2011,34.58337,23.83,29.540001
9/8/2011,34.29784,23.32,29.34
9/9/2011,33.155743,22.58,28.440001
9/12/2011,33,22.24,27.99
9/13/2011,33.181694,22.290001,28.26
9/14/2011,33.501827,22.09,28.32
9/15/2011,34.05558,22.48,28.889999
9/16/2011,33.995018,22.66,28.68
9/19/2011,33.415306,22.02,28.1
9/20/2011,33.216309,21.889999,28.08
9/21/2011,31.849245,21.09,27.08
9/22/2011,29.902468,19.93,25.639999
9/23/2011,29.391972,20.07,25.43
9/26/2011,30.388426,20.6,26.030001
9/27/2011,30.831106,21.24,26.52
9/28/2011,29.589882,20.67,25.76
9/29/2011,29.815552,20.75,25.92
9/30/2011,29.043041,20.059999,25.49
10/3/2011,27.940685,19.4,24.559999
10/4/2011,28.600368,19.84,24.360001
10/5/2011,29.763468,20.41,25.42
10/6/2011,30.518635,21.299999,26.190001
10/7/2011,29.971798,21.43,25.75
10/10/2011,31.36059,22.42,26.780001
10/11/2011,31.351908,22.370001,26.59
10/12/2011,31.673061,22.77,27.200001
10/13/2011,31.551544,22.85,26.83
10/14/2011,32.775402,23.32,27.51
10/17/2011,32.054977,22.68,26.809999
10/18/2011,32.983734,23.02,27.25
10/19/2011,32.341419,22.6,26.67
10/20/2011,32.488972,22.540001,26.74
10/21/2011,33.148643,23.02,27.23
10/24/2011,33.86039,23.76,27.84
10/25/2011,33.21809,23.120001,27.35
10/26/2011,33.895126,23.450001,27.860001
10/27/2011,35.422794,25.16,28.950001
10/28/2011,35.796032,24.870001,28.99
10/31/2011,34.259678,23.74,28.24
11/1/2011,33.192047,22.860001,27.32
11/2/2011,34.164196,23.139999,27.68
11/3/2011,35.084274,23.620001,28.389999
11/4/2011,35.058231,23.51,28.049999
11/7/2011,35.344677,23.67,28.24
11/8/2011,35.752621,23.969999,28.41
11/9/2011,34.146839,22.76,27.290001
11/10/2011,34.554798,23.129999,27.309999
11/11/2011,35.309944,23.799999,27.879999
11/14/2011,34.884636,23.24,27.58
11/15/2011,34.893318,23.290001,27.42
11/16/2011,34.433277,22.780001,27.280001
11/17/2011,33.443764,22.299999,26.559999
11/18/2011,33.270164,22.26,26.6
11/21/2011,32.619175,21.57,25.99
11/22/2011,32.428211,21.58,26.01
11/23/2011,31.334538,20.82,25.26
11/25/2011,31.091509,20.700001,24.959999
11/28/2011,32.237263,21.629999,25.74
11/29/2011,32.697277,21.889999,26.139999
11/30/2011,34.658951,23.26,27.459999
12/1/2011,34.476681,23.040001,27.4
12/2/2011,34.34647,23.309999,27.190001
12/5/2011,34.676308,23.690001,27.41
12/6/2011,34.754425,23.4,27.42
12/7/2011,34.511391,23.530001,27.58
12/8/2011,33.383007,22.76,26.75
12/9/2011,34.155525,23.15,27.110001
12/12/2011,33.226768,22.440001,26.549999
12/13/2011,32.697277,22.17,26.030001
12/14/2011,31.699095,21.870001,25.43
12/15/2011,31.560221,21.889999,25.440001
12/16/2011,32.002899,21.889999,25.76
12/19/2011,31.265102,21.360001,25.4
12/20/2011,32.497654,21.459999,25.620001
12/21/2011,32.810135,21.469999,25.860001
12/22/2011,33.177994,21.67,26.280001
12/23/2011,33.404648,21.790001,26.4
12/27/2011,33.343628,21.75,26.309999
12/28/2011,32.602669,21.110001,25.9
12/29/2011,32.994926,21.450001,26.190001
12/30/2011,33.125694,21.440001,26.6
1/3/2012,34.189205,22.08,27.4
1/4/2012,34.337399,22.34,27.35
1/5/2012,34.136913,22.049999,27.18
1/6/2012,33.945118,21.76,26.9
1/9/2012,34.058449,21.83,26.98
1/10/2012,34.503025,22.25,27.33
1/11/2012,34.163059,22.379999,27.200001
1/12/2012,34.023571,22.48,27.34
1/13/2012,33.709755,22.299999,27.129999
1/17/2012,33.857948,22.48,27.290001
1/18/2012,34.450726,22.879999,27.629999
1/19/2012,34.511745,22.84,27.790001
1/20/2012,34.433292,22.940001,27.75
1/23/2012,34.84301,23.02,28.24
1/24/2012,34.668648,22.84,27.860001
1/25/2012,35.392193,23.43,28.35
1/26/2012,35.052216,23.5,28.190001
1/27/2012,35.165539,23.6,28.26
1/30/2012,34.930168,23.370001,28.07
1/31/2012,34.799416,23.42,28.110001
2/1/2012,34.991196,23.66,28.360001
2/2/2012,35.243992,23.67,28.459999
2/3/2012,35.73217,24.02,28.780001
2/6/2012,35.97625,23.870001,28.610001
2/7/2012,36.063419,23.860001,28.5
2/8/2012,35.941376,23.9,28.51
2/9/2012,35.967529,23.879999,28.440001
2/10/2012,35.531666,23.27,28
2/13/2012,35.706013,23.65,28.139999
2/14/2012,35.688576,23.33,28.030001
2/15/2012,35.688576,23.26,28.09
2/16/2012,36.290066,23.370001,28.48
2/17/2012,36.307499,23.190001,28.379999
2/21/2012,36.656193,23.52,28.75
2/22/2012,36.760803,23.48,28.870001
2/23/2012,37.065907,23.719999,29
2/24/2012,37.083347,23.76,28.9
2/27/2012,36.917713,23.799999,28.85
2/28/2012,36.952576,23.809999,29.1
2/29/2012,36.420834,23.75,29.02
3/1/2012,36.847977,23.9,29.32
3/2/2012,36.342373,23.719999,29.049999
3/5/2012,35.889072,23.51,28.629999
3/6/2012,35.156818,22.74,27.91
3/7/2012,35.444489,22.870001,27.99
3/8/2012,35.828053,23.200001,28.48
3/9/2012,35.889072,23.15,28.59
3/12/2012,35.461933,22.959999,28.34
3/13/2012,35.897793,23.450001,28.790001
3/14/2012,35.33989,23.18,28.32
3/15/2012,35.479362,23.48,28.530001
3/16/2012,35.889072,23.620001,28.719999
3/19/2012,36.089573,23.73,28.76
3/20/2012,35.531666,23.219999,28.530001
3/21/2012,35.243992,23.110001,28.549999
3/22/2012,34.415863,22.879999,28.110001
3/23/2012,34.851719,23.200001,28.370001
3/26/2012,35.125145,23.559999,28.870001
3/27/2012,34.758259,23.35,28.629999
3/28/2012,34.216652,23.379999,28.360001
3/29/2012,34.155499,23.389999,28.299999
3/30/2012,34.435032,23.51,28.34
4/2/2012,34.836872,23.629999,28.799999
4/3/2012,34.487453,23.26,28.370001
4/4/2012,33.849773,22.98,27.870001
4/5/2012,33.596439,23.120001,27.709999
