Date,Adj Close
5/29/2001,89.796379
5/30/2001,88.538582
5/31/2001,88.997879
6/1/2001,89.549042
6/4/2001,89.980072
6/5/2001,91.011734
6/6/2001,90.255676
6/7/2001,90.580681
6/8/2001,89.739822
6/11/2001,89.103874
6/12/2001,88.948425
6/13/2001,88.185303
6/14/2001,86.206802
6/15/2001,86.345657
6/18/2001,85.927574
6/19/2001,86.303154
6/20/2001,86.756645
6/21/2001,87.741631
6/22/2001,87.054276
6/25/2001,86.253555
6/26/2001,86.133095
6/27/2001,86.083488
6/28/2001,86.558258
6/29/2001,86.877106
7/2/2001,87.961304
7/3/2001,87.940063
7/5/2001,86.225204
7/6/2001,84.361534
7/9/2001,84.822098
7/10/2001,83.801735
7/11/2001,83.886726
7/12/2001,85.877968
7/13/2001,86.622032
7/16/2001,85.537842
7/17/2001,86.338577
7/18/2001,85.75045
7/19/2001,86.501564
7/20/2001,85.984291
7/23/2001,84.290657
7/24/2001,83.475731
7/25/2001,84.396957
7/26/2001,85.282715
7/27/2001,85.608696
7/30/2001,85.637024
7/31/2001,85.991341
8/1/2001,86.529915
8/2/2001,86.884209
8/3/2001,86.409447
8/6/2001,85.247299
8/7/2001,85.580383
8/8/2001,83.993042
8/9/2001,84.241074
8/10/2001,84.531593
8/13/2001,84.552879
8/14/2001,84.517395
8/15/2001,83.787521
8/16/2001,84.078064
8/17/2001,82.731697
8/20/2001,83.497002
8/21/2001,82.072701
8/22/2001,82.923035
8/23/2001,82.625389
8/24/2001,84.340256
8/27/2001,83.837097
8/28/2001,82.611206
8/29/2001,81.874237
8/30/2001,80.301094
8/31/2001,80.889252
9/4/2001,80.372002
9/5/2001,80.570366
9/6/2001,78.49408
9/7/2001,77.041428
9/10/2001,77.983894
9/17/2001,73.909325
9/18/2001,73.73217
9/19/2001,72.244064
9/20/2001,69.948135
9/21/2001,69.193436
9/24/2001,71.62606
9/25/2001,72.372902
9/26/2001,72.116829
9/27/2001,72.74276
9/28/2001,74.286247
10/1/2001,74.165314
10/2/2001,75.097115
10/3/2001,76.356079
10/4/2001,76.420074
10/5/2001,76.270714
10/8/2001,75.772804
10/9/2001,75.367393
10/10/2001,77.045967
10/11/2001,78.240997
10/12/2001,77.885345
10/15/2001,77.743073
10/16/2001,78.233871
10/17/2001,76.569427
10/18/2001,76.405876
10/19/2001,76.356079
10/22/2001,77.864006
10/23/2001,77.465668
10/24/2001,77.259422
10/25/2001,78.64637
10/26/2001,78.468575
10/29/2001,76.427208
10/30/2001,75.509636
10/31/2001,75.253586
11/1/2001,77.181183
11/2/2001,77.707466
11/5/2001,78.724609
11/6/2001,79.948021
11/7/2001,79.841362
11/8/2001,80.090302
11/9/2001,80.175644
11/12/2001,79.684868
11/13/2001,81.477272
11/14/2001,81.555534
11/15/2001,81.704895
11/16/2001,81.342163
11/19/2001,82.345062
11/20/2001,81.655128
11/21/2001,81.114532
11/23/2001,82.281013
11/26/2001,82.458862
11/27/2001,82.103249
11/28/2001,80.616638
11/29/2001,81.704895
11/30/2001,81.121658
12/3/2001,80.637985
12/4/2001,82.00367
12/5/2001,83.504448
12/6/2001,83.4618
12/7/2001,82.906967
12/10/2001,81.356361
12/11/2001,81.192772
12/12/2001,81.28524
12/13/2001,79.706215
12/14/2001,80.467293
12/17/2001,81.2995
12/18/2001,81.783157
12/19/2001,82.359314
12/20/2001,81.548439
12/21/2001,82.043022
12/24/2001,81.886002
12/26/2001,82.33567
12/27/2001,82.835251
12/28/2001,82.79245
12/31/2001,81.579086
1/2/2002,82.457008
1/3/2002,83.391983
1/4/2002,83.948692
1/7/2002,83.356293
1/8/2002,83.163574
1/9/2002,82.485535
1/10/2002,82.849533
1/11/2002,82.035881
1/14/2002,81.522003
1/15/2002,82.18576
1/16/2002,80.522797
1/17/2002,81.129478
1/18/2002,80.758354
1/22/2002,80.201622
1/23/2002,80.81543
1/24/2002,81.065224
1/25/2002,81.043808
1/28/2002,81.265038
1/29/2002,78.709923
1/30/2002,79.844765
1/31/2002,80.779724
2/1/2002,80.401451
2/4/2002,78.403008
2/5/2002,77.917694
2/6/2002,77.582191
2/7/2002,77.096901
2/8/2002,78.574326
2/11/2002,79.537842
2/12/2002,79.28804
2/13/2002,80.130249
2/14/2002,79.980354
2/15/2002,79.145317
2/19/2002,77.625031
2/20/2002,78.931168
2/21/2002,77.296761
2/22/2002,78.253136
2/25/2002,79.544968
2/26/2002,79.380829
2/27/2002,79.687721
2/28/2002,79.330849
3/1/2002,81.179413
3/4/2002,82.614037
3/5/2002,82.349945
3/6/2002,83.327759
3/7/2002,83.149315
3/8/2002,83.499039
3/11/2002,83.677498
3/12/2002,83.627495
3/13/2002,82.820999
3/14/2002,82.706818
3/15/2002,83.494888
3/18/2002,83.509193
3/19/2002,84.067474
3/20/2002,82.485626
3/21/2002,82.521408
3/22/2002,82.342484
3/25/2002,81.318924
3/26/2002,81.791344
3/27/2002,82.00605
3/28/2002,81.970276
4/1/2002,82.00605
4/2/2002,81.555092
4/3/2002,80.982506
4/4/2002,80.646111
4/5/2002,80.660416
4/8/2002,80.832207
4/9/2002,80.266716
4/10/2002,81.175789
4/11/2002,79.157265
4/12/2002,79.751373
4/15/2002,79.142975
4/16/2002,81.025459
4/17/2002,80.853653
4/18/2002,80.502975
4/19/2002,80.796394
4/22/2002,79.450729
4/23/2002,79.107185
4/24/2002,78.312698
4/25/2002,78.355659
4/26/2002,76.866791
4/29/2002,76.487427
4/30/2002,77.203201
5/1/2002,78.148064
5/2/2002,77.847389
5/3/2002,77.0028
5/6/2002,75.492546
5/7/2002,75.227699
5/8/2002,78.026367
5/9/2002,77.124504
5/10/2002,75.671463
5/13/2002,77.210381
5/14/2002,78.892433
5/15/2002,78.584694
5/16/2002,78.992645
5/17/2002,79.379196
5/20/2002,78.520271
5/21/2002,77.804436
5/22/2002,77.976265
5/23/2002,78.806557
5/24/2002,77.79731
5/28/2002,77.375038
5/29/2002,76.802383
5/30/2002,76.587654
5/31/2002,76.745125
6/3/2002,74.70517
6/4/2002,74.891281
6/5/2002,75.592743
6/6/2002,74.053802
6/7/2002,73.967941
6/10/2002,74.254227
6/11/2002,72.980156
6/12/2002,73.42392
6/13/2002,72.686699
6/14/2002,72.579323
6/17/2002,74.526237
6/18/2002,75.134636
6/19/2002,73.381012
6/20/2002,72.443336
6/21/2002,71.310638
6/24/2002,71.684135
6/25/2002,70.075172
6/26/2002,70.190125
6/27/2002,71.418358
6/28/2002,71.08075
7/1/2002,69.694489
7/2/2002,68.214874
7/3/2002,68.602684
7/5/2002,71.332146
7/8/2002,70.441498
7/9/2002,68.667358
7/10/2002,66.167763
7/11/2002,66.706459
7/12/2002,65.973824
7/15/2002,66.325768
7/16/2002,65.047226
7/17/2002,65.176521
7/18/2002,63.064777
7/19/2002,60.845295
7/22/2002,59.042419
7/23/2002,57.426296
7/24/2002,60.852482
7/25/2002,60.335335
7/26/2002,61.484581
7/29/2002,64.479774
7/30/2002,65.32019
7/31/2002,65.478218
8/1/2002,63.768696
8/2/2002,62.339306
8/5/2002,60.170113
8/6/2002,62.195671
8/7/2002,63.280281
8/8/2002,65.32737
8/9/2002,65.571587
8/12/2002,65.09034
8/13/2002,63.905163
8/14/2002,66.239586
8/15/2002,67.158974
8/16/2002,66.957848
8/19/2002,68.523697
8/20/2002,67.798225
8/21/2002,68.775108
8/22/2002,69.443108
8/23/2002,67.949081
8/26/2002,68.423126
8/27/2002,67.633026
8/28/2002,66.153381
8/29/2002,66.182098
8/30/2002,65.923523
9/3/2002,63.409569
9/4/2002,64.314613
9/5/2002,63.768696
9/6/2002,64.645027
9/9/2002,65.11908
9/10/2002,65.866081
9/11/2002,65.456627
9/12/2002,64.249947
9/13/2002,64.407959
9/16/2002,64.565979
9/17/2002,63.086361
9/18/2002,62.454235
9/19/2002,60.838131
9/20/2002,60.858345
9/23/2002,60.360497
9/24/2002,59.386478
9/25/2002,60.858345
9/26/2002,61.854008
9/27/2002,59.70393
9/30/2002,59.011284
10/1/2002,61.846775
10/2/2002,59.992508
10/3/2002,59.386478
10/4/2002,58.297016
10/7/2002,57.092094
10/8/2002,57.986767
10/9/2002,56.34898
10/10/2002,58.174362
10/11/2002,60.721245
10/14/2002,61.060356
10/15/2002,63.996849
10/16/2002,62.445614
10/17/2002,63.686584
10/18/2002,63.953564
10/21/2002,65.057449
10/22/2002,64.58847
10/23/2002,65.079102
10/24/2002,63.751549
10/25/2002,65.079102
10/28/2002,64.653419
10/29/2002,63.903038
10/30/2002,64.523521
10/31/2002,63.866978
11/1/2002,65.129593
11/4/2002,65.750076
11/5/2002,66.269585
11/6/2002,67.128174
11/7/2002,65.483109
11/8/2002,64.682259
11/11/2002,63.679386
11/12/2002,64.184441
11/13/2002,64.24939
11/14/2002,65.461479
11/15/2002,65.944893
11/18/2002,65.281097
11/19/2002,65.19455
11/20/2002,66.644753
11/21/2002,67.885719
11/22/2002,67.40229
11/25/2002,67.445625
11/26/2002,66.161346
11/27/2002,68.022804
11/29/2002,67.806351
12/2/2002,67.914566
12/3/2002,67.005516
12/4/2002,66.702461
12/5/2002,65.966545
12/6/2002,66.399406
12/9/2002,64.574043
12/10/2002,65.439819
12/11/2002,65.497574
12/12/2002,65.490349
12/13/2002,64.458595
12/16/2002,66.125267
12/17/2002,65.548073
12/18/2002,64.79052
12/19/2002,64.328743
12/20/2002,65.246635
12/23/2002,65.268372
12/24/2002,64.782608
12/26/2002,64.811615
12/27/2002,63.354271
12/30/2002,63.88356
12/31/2002,63.970573
1/2/2003,66.029678
1/3/2003,66.232704
1/6/2003,67.400032
1/7/2003,67.233246
1/8/2003,66.261703
1/9/2003,67.291267
1/10/2003,67.472504
1/13/2003,67.450768
1/14/2003,67.668282
1/15/2003,66.993965
1/16/2003,66.718498
1/17/2003,65.732437
1/21/2003,64.710091
1/22/2003,63.927048
1/23/2003,64.318581
1/24/2003,62.629242
1/27/2003,61.773682
1/28/2003,62.230476
1/29/2003,62.701752
1/30/2003,61.215385
1/31/2003,62.397221
2/3/2003,62.5205
2/4/2003,61.904186
2/5/2003,61.519909
2/6/2003,61.229885
2/7/2003,60.483109
2/10/2003,60.910889
2/11/2003,60.490334
2/12/2003,59.526043
2/13/2003,59.707325
2/14/2003,61.012394
2/18/2003,62.085434
2/19/2003,61.759174
2/20/2003,61.142921
2/21/2003,61.759174
2/24/2003,60.758659
2/25/2003,61.244389
2/26/2003,60.352612
2/27/2003,61.15012
2/28/2003,61.556156
3/3/2003,60.968884
3/4/2003,59.997337
3/5/2003,60.504856
3/6/2003,59.997337
3/7/2003,60.410603
3/10/2003,58.960506
3/11/2003,58.380474
3/12/2003,58.771988
3/13/2003,60.802143
3/14/2003,60.997871
3/17/2003,62.91927
3/18/2003,63.28899
3/19/2003,63.774837
3/20/2003,63.912563
3/21/2003,65.276764
3/24/2003,63.107418
3/25/2003,63.711643
3/26/2003,63.391342
3/27/2003,63.442303
3/28/2003,63.121983
3/31/2003,61.687885
4/1/2003,62.634251
4/2/2003,64.14843
4/3/2003,63.842655
4/4/2003,64.221214
4/7/2003,64.097481
4/8/2003,64.199379
4/9/2003,63.354923
4/10/2003,63.704361
4/11/2003,63.442303
4/14/2003,64.752632
4/15/2003,65.356834
4/16/2003,64.24305
4/17/2003,65.196693
4/21/2003,65.262184
4/22/2003,66.492477
4/23/2003,67.103966
4/24/2003,66.507034
4/25/2003,65.684418
4/28/2003,66.820045
4/29/2003,67.053001
4/30/2003,66.907394
5/1/2003,66.900139
5/2/2003,67.85376
5/5/2003,67.722748
5/6/2003,68.363335
5/7/2003,67.984779
5/8/2003,67.300537
5/9/2003,68.232315
5/12/2003,69.069466
5/13/2003,68.945709
5/14/2003,68.800125
5/15/2003,69.2369
5/16/2003,69.06218
5/19/2003,67.446114
5/20/2003,67.307777
5/21/2003,67.446114
5/22/2003,68.115822
5/23/2003,68.254158
5/27/2003,69.447998
5/28/2003,69.644577
5/29/2003,69.462563
5/30/2003,70.57637
6/2/2003,70.867554
6/3/2003,71.158722
6/4/2003,72.185165
6/5/2003,72.54187
6/6/2003,72.25798
6/9/2003,71.522751
6/10/2003,72.250687
6/11/2003,73.01503
6/12/2003,73.24073
6/13/2003,72.476379
6/16/2003,74.005135
6/17/2003,74.005135
6/18/2003,73.939552
6/19/2003,72.811218
6/20/2003,72.65049
6/23/2003,71.905266
6/24/2003,71.978355
6/25/2003,71.255043
6/26/2003,72.182899
6/27/2003,71.350037
6/30/2003,71.328133
7/1/2003,71.985626
7/2/2003,72.891594
7/3/2003,72.139084
7/7/2003,73.571022
7/8/2003,73.899811
7/9/2003,73.483376
7/10/2003,72.548218
7/11/2003,73.234962
7/14/2003,73.592979
7/15/2003,73.43222
7/16/2003,73.001144
7/17/2003,71.963707
7/18/2003,72.701645
7/21/2003,71.802994
7/22/2003,72.453239
7/23/2003,72.504364
7/24/2003,71.956421
7/25/2003,73.227661
7/28/2003,72.957336
7/29/2003,72.621269
7/30/2003,72.445915
7/31/2003,72.613937
8/1/2003,71.971039
8/4/2003,71.971039
8/5/2003,70.444077
8/6/2003,70.853226
8/7/2003,71.598419
8/8/2003,71.802994
8/11/2003,72.073334
8/12/2003,72.73085
8/13/2003,72.358246
8/14/2003,72.555511
8/15/2003,72.781998
8/18/2003,73.410294
8/19/2003,73.687935
8/20/2003,73.38842
8/21/2003,73.622177
8/22/2003,72.891594
8/25/2003,73.008484
8/26/2003,73.139992
8/27/2003,73.161926
8/28/2003,73.614861
8/29/2003,74.111687
9/2/2003,75.105316
9/3/2003,75.514427
9/4/2003,75.550957
9/5/2003,75.12722
9/8/2003,75.748238
9/9/2003,75.251442
9/10/2003,74.4916
9/11/2003,74.710762
9/12/2003,74.849586
9/15/2003,74.586586
9/16/2003,75.67514
9/17/2003,75.529037
9/18/2003,76.420364
9/19/2003,76.031677
9/22/2003,75.210228
9/23/2003,75.496284
9/24/2003,74.154175
9/25/2003,73.545441
9/26/2003,73.303413
9/29/2003,74.022141
9/30/2003,73.303413
10/1/2003,74.865562
10/2/2003,75.136932
10/3/2003,75.826302
10/6/2003,76.171021
10/7/2003,76.464386
10/8/2003,76.273682
10/9/2003,76.479027
10/10/2003,76.691734
10/13/2003,76.933769
10/14/2003,77.205093
10/15/2003,76.999741
10/16/2003,77.307785
10/17/2003,76.464386
10/20/2003,77.036446
10/21/2003,76.904411
10/22/2003,75.93634
10/23/2003,75.796982
10/24/2003,75.965652
10/27/2003,76.002327
10/28/2003,77.036446
10/29/2003,77.139107
10/30/2003,77.300446
10/31/2003,77.227081
11/3/2003,77.733185
11/4/2003,77.564484
11/5/2003,77.623161
11/6/2003,78.033836
11/7/2003,77.45446
11/10/2003,77.139107
11/11/2003,77.117134
11/12/2003,77.982506
11/13/2003,78.004532
11/14/2003,77.344444
11/17/2003,76.955765
11/18/2003,76.156342
11/19/2003,76.801743
11/20/2003,76.11232
11/21/2003,76.427704
11/24/2003,77.439781
11/25/2003,77.733185
11/26/2003,78.011856
11/28/2003,78.070518
12/1/2003,78.913933
12/2/2003,78.715927
12/3/2003,78.59124
12/4/2003,78.913933
12/5/2003,78.363876
12/8/2003,78.891922
12/9/2003,78.283218
12/10/2003,78.275879
12/11/2003,79.155952
12/12/2003,79.309944
12/15/2003,78.913933
12/16/2003,79.324669
12/17/2003,79.573997
12/18/2003,80.468719
12/19/2003,80.244751
12/22/2003,80.804756
12/23/2003,80.856308
12/24/2003,80.775276
12/26/2003,80.834244
12/29/2003,81.910072
12/30/2003,81.924782
12/31/2003,81.998489
1/2/2004,81.961617
1/5/2004,82.853241
1/6/2004,82.934288
1/7/2004,83.214302
1/8/2004,83.54586
1/9/2004,82.816399
1/12/2004,83.428024
1/13/2004,82.941666
1/14/2004,83.634331
1/15/2004,83.840668
1/16/2004,84.172234
1/20/2004,84.150116
1/21/2004,84.813293
1/22/2004,84.592232
1/23/2004,84.319618
1/26/2004,85.380692
1/27/2004,84.503853
1/28/2004,83.538536
1/29/2004,83.619598
1/30/2004,83.619598
2/2/2004,83.980652
2/3/2004,83.840668
2/4/2004,83.155373
2/5/2004,83.398521
2/6/2004,84.334328
2/9/2004,84.356422
2/10/2004,84.629097
2/11/2004,85.528061
2/12/2004,85.21859
2/13/2004,84.835426
2/17/2004,85.601753
2/18/2004,85.225922
2/19/2004,84.909088
2/20/2004,84.651199
2/23/2004,84.437531
2/24/2004,84.290138
2/25/2004,84.643806
2/26/2004,84.695404
2/27/2004,84.754356
3/1/2004,85.594406
3/2/2004,85.093338
3/3/2004,85.248039
3/4/2004,85.469124
3/5/2004,85.756508
3/8/2004,84.710152
3/9/2004,84.371216
3/10/2004,82.956367
3/11/2004,81.880592
3/12/2004,82.956367
3/15/2004,81.939545
3/16/2004,82.374283
3/17/2004,83.295349
3/18/2004,83.317474
3/19/2004,82.123253
3/22/2004,81.08062
3/23/2004,80.94014
3/24/2004,81.006706
3/25/2004,82.078911
3/26/2004,82.101082
3/29/2004,83.254608
3/30/2004,83.535614
3/31/2004,83.631744
4/1/2004,84.13456
4/2/2004,84.770477
4/5/2004,85.23632
4/6/2004,84.962776
4/7/2004,84.763084
4/8/2004,84.570847
4/12/2004,84.903603
4/13/2004,83.713066
4/14/2004,83.846176
4/15/2004,83.528206
4/16/2004,84.171516
4/19/2004,84.171516
4/20/2004,82.759186
4/21/2004,83.313744
4/22/2004,84.482101
4/23/2004,84.563438
4/26/2004,84.445137
4/27/2004,84.519104
4/28/2004,83.424683
4/29/2004,82.692635
4/30/2004,82.049309
5/3/2004,82.92923
5/4/2004,82.862709
5/5/2004,83.395126
5/6/2004,82.677856
5/7/2004,81.309868
5/10/2004,80.474281
5/11/2004,81.154572
5/12/2004,81.672188
5/13/2004,81.332039
5/14/2004,81.369034
5/17/2004,80.673912
5/18/2004,81.08062
5/19/2004,80.799644
5/20/2004,81.058464
5/21/2004,81.198929
5/24/2004,81.539078
5/25/2004,82.707428
5/26/2004,82.995804
5/27/2004,83.46167
5/28/2004,83.454285
6/1/2004,83.343361
6/2/2004,83.653908
6/3/2004,82.884872
6/4/2004,83.543007
6/7/2004,84.814857
6/8/2004,84.933151
6/9/2004,84.141968
6/10/2004,84.556046
6/14/2004,83.720451
6/15/2004,84.312035
6/16/2004,84.297241
6/17/2004,84.171516
6/18/2004,84.33036
6/21/2004,84.011223
6/22/2004,84.434258
6/23/2004,85.161568
6/24/2004,84.894402
6/25/2004,84.486206
6/28/2004,84.196747
6/29/2004,84.545593
6/30/2004,84.998283
7/1/2004,83.818268
7/2/2004,83.773727
7/6/2004,83.03904
7/7/2004,83.283958
7/8/2004,82.705048
7/9/2004,82.920273
7/12/2004,82.95739
7/13/2004,83.016762
7/14/2004,82.764427
7/15/2004,82.230072
7/16/2004,82.163269
7/19/2004,81.814484
7/20/2004,82.8535
7/21/2004,81.324669
7/22/2004,81.547279
7/23/2004,80.864517
7/26/2004,80.708649
7/27/2004,81.465652
7/28/2004,81.710579
7/29/2004,82.059334
7/30/2004,82.25975
8/2/2004,82.430443
8/3/2004,81.792206
8/4/2004,81.78479
8/5/2004,80.448906
8/6/2004,79.298592
8/9/2004,79.409897
8/10/2004,80.434074
8/11/2004,80.270798
8/12/2004,79.39505
8/13/2004,79.550941
8/16/2004,80.374695
8/17/2004,80.827423
8/18/2004,81.658638
8/19/2004,81.421143
8/20/2004,81.992584
8/23/2004,81.78479
8/24/2004,81.896088
8/25/2004,82.452744
8/26/2004,82.452744
8/27/2004,82.71244
8/30/2004,82.029686
8/31/2004,82.460136
9/1/2004,82.615997
9/2/2004,83.551094
9/3/2004,83.209679
9/7/2004,83.758911
9/8/2004,83.551094
9/9/2004,83.476883
9/10/2004,83.907303
9/13/2004,84.181938
9/14/2004,84.352638
9/15/2004,83.71434
9/16/2004,83.966682
9/17/2004,84.323685
9/20/2004,83.816895
9/21/2004,84.182083
9/22/2004,83.13131
9/23/2004,82.684135
9/24/2004,83.064224
9/27/2004,82.535088
9/28/2004,82.930061
9/29/2004,83.347404
9/30/2004,83.287788
10/1/2004,84.696304
10/4/2004,84.837891
10/5/2004,84.882637
10/6/2004,85.463882
10/7/2004,84.547226
10/8/2004,83.846725
10/11/2004,84.189545
10/12/2004,83.861649
10/13/2004,83.12384
10/14/2004,82.453125
10/15/2004,82.915199
10/18/2004,83.228172
10/19/2004,82.527657
10/20/2004,82.363716
10/21/2004,82.900291
10/22/2004,81.968727
10/25/2004,81.871841
10/26/2004,83.12384
10/27/2004,84.122444
10/28/2004,84.375839
10/29/2004,84.360931
11/1/2004,84.591957
11/2/2004,84.62178
11/3/2004,85.687447
11/4/2004,86.857452
11/5/2004,87.40152
11/8/2004,87.274803
11/9/2004,87.103394
11/10/2004,87.170502
11/11/2004,87.833755
11/12/2004,88.526802
11/15/2004,88.744339
11/16/2004,88.108994
11/17/2004,88.63221
11/18/2004,88.751808
11/19/2004,87.765129
11/22/2004,88.183754
11/23/2004,88.318283
11/24/2004,88.527557
11/26/2004,88.460289
11/29/2004,88.056664
11/30/2004,88.116455
12/1/2004,89.11805
12/2/2004,89.192795
12/3/2004,89.133011
12/6/2004,89.103104
12/7/2004,88.273415
12/8/2004,88.789169
12/9/2004,89.103104
12/10/2004,89.192795
12/13/2004,89.970139
12/14/2004,90.284073
12/15/2004,90.351311
12/16/2004,90.299011
12/17/2004,89.696747
12/20/2004,89.719261
12/21/2004,90.410164
12/22/2004,90.627937
12/23/2004,90.695541
12/27/2004,90.507759
12/28/2004,91.003433
12/29/2004,91.138603
12/30/2004,90.965866
12/31/2004,90.770607
1/3/2005,90.342583
1/4/2005,89.23864
1/5/2005,88.622818
1/6/2005,89.07341
1/7/2005,88.945755
1/10/2005,89.366295
1/11/2005,88.750488
1/12/2005,89.043373
1/13/2005,88.329979
1/14/2005,88.795547
1/18/2005,89.719261
1/19/2005,88.780548
1/20/2005,88.23983
1/21/2005,87.699112
1/24/2005,87.526382
1/25/2005,87.7742
1/26/2005,88.037079
1/27/2005,88.187233
1/28/2005,88.187233
1/31/2005,88.735474
2/1/2005,89.298698
2/2/2005,89.569069
2/3/2005,89.336258
2/4/2005,90.289978
2/7/2005,90.169853
2/8/2005,90.274963
2/9/2005,89.599098
2/10/2005,89.922035
2/11/2005,90.695541
2/14/2005,90.627937
2/15/2005,90.965866
2/16/2005,91.02597
2/17/2005,90.289978
2/18/2005,90.410164
2/22/2005,89.065895
2/23/2005,89.704208
2/24/2005,90.297523
2/25/2005,91.19117
2/28/2005,90.590416
3/1/2005,91.04097
3/2/2005,90.995934
3/3/2005,91.03344
3/4/2005,92.167458
3/7/2005,92.212509
3/8/2005,91.867043
3/9/2005,90.845734
3/10/2005,91.048477
3/11/2005,90.410164
3/14/2005,90.973381
3/15/2005,90.222435
3/16/2005,89.456406
3/17/2005,89.636642
3/18/2005,89.370491
3/21/2005,89.038788
3/22/2005,88.134064
3/23/2005,88.20945
3/24/2005,88.31501
3/28/2005,88.443161
3/29/2005,87.855118
3/30/2005,89.099075
3/31/2005,88.93322
4/1/2005,88.53363
4/4/2005,88.684464
4/5/2005,89.106628
4/6/2005,89.415741
4/7/2005,89.898254
4/8/2005,88.963387
4/11/2005,89.031265
4/12/2005,89.491142
4/13/2005,88.435631
4/14/2005,87.282143
4/15/2005,86.060768
4/18/2005,86.324638
4/19/2005,87.010719
4/20/2005,85.796898
4/21/2005,87.463081
4/22/2005,87.131348
4/25/2005,87.704338
4/26/2005,86.852386
4/27/2005,87.191666
4/28/2005,86.098419
4/29/2005,87.267052
5/2/2005,87.757088
5/3/2005,87.907921
5/4/2005,88.586449
5/5/2005,88.556259
5/6/2005,88.277267
5/9/2005,88.827682
5/10/2005,87.907921
5/11/2005,88.390411
5/12/2005,87.417847
5/13/2005,87.244446
5/16/2005,88.058662
5/17/2005,88.646736
5/18/2005,89.558968
5/19/2005,89.935951
5/20/2005,89.807816
5/23/2005,90.305351
5/24/2005,90.094246
5/25/2005,90.026428
5/26/2005,90.508949
5/27/2005,90.659698
5/31/2005,90.079201
6/1/2005,90.848221
6/2/2005,91.044235
6/3/2005,90.584312
6/6/2005,90.501396
6/7/2005,90.569252
6/8/2005,90.403374
6/9/2005,90.833122
6/10/2005,90.62204
6/13/2005,90.908524
6/14/2005,91.119621
6/15/2005,91.293045
6/16/2005,91.526726
6/17/2005,91.865883
6/20/2005,91.896141
6/21/2005,91.949127
6/22/2005,92.024811
6/23/2005,90.730415
6/24/2005,90.064285
6/27/2005,90.192963
6/28/2005,90.949905
6/29/2005,90.70771
6/30/2005,90.215668
7/1/2005,90.480614
7/5/2005,91.207298
7/6/2005,90.442787
7/7/2005,90.798538
7/8/2005,91.835594
7/11/2005,92.304909
7/12/2005,92.547127
7/13/2005,92.675797
7/14/2005,93.039154
7/15/2005,92.986183
7/18/2005,92.61528
7/19/2005,93.122406
7/20/2005,93.440353
7/21/2005,92.895355
7/22/2005,93.516029
7/25/2005,93.251122
7/26/2005,93.364655
7/27/2005,93.705315
7/28/2005,94.295753
7/29/2005,93.667465
8/1/2005,93.599335
8/2/2005,94.159485
8/3/2005,94.409286
8/4/2005,93.652306
8/5/2005,93.016472
8/8/2005,92.842354
8/9/2005,93.402473
8/10/2005,93.357117
8/11/2005,93.728012
8/12/2005,93.152733
8/15/2005,93.728012
8/16/2005,92.509293
8/17/2005,92.50174
8/18/2005,92.494156
8/19/2005,92.7061
8/22/2005,92.7061
8/23/2005,92.53199
8/24/2005,91.706909
8/25/2005,92.039963
8/26/2005,91.41169
8/29/2005,92.115677
8/30/2005,91.63121
8/31/2005,92.789345
9/1/2005,92.721237
9/2/2005,92.554688
9/6/2005,93.637177
9/7/2005,93.796143
9/8/2005,93.485794
9/9/2005,94.318443
9/12/2005,94.129204
9/13/2005,93.606911
9/14/2005,93.266251
9/15/2005,93.220833
9/16/2005,93.883728
9/19/2005,93.572044
9/20/2005,92.781448
9/21/2005,91.914803
9/22/2005,92.241699
9/23/2005,92.317726
9/26/2005,92.424179
9/27/2005,92.40136
9/28/2005,92.492577
9/29/2005,93.245155
9/30/2005,93.534004
10/3/2005,93.199539
10/4/2005,92.150475
10/5/2005,90.94178
10/6/2005,90.614891
10/7/2005,90.926575
10/10/2005,90.158806
10/11/2005,90.029541
10/12/2005,89.322586
10/13/2005,89.269341
10/14/2005,90.211983
10/17/2005,90.546486
10/18/2005,89.565819
10/19/2005,91.055794
10/20/2005,89.451805
10/21/2005,89.801506
10/24/2005,91.192642
10/25/2005,91.010216
10/26/2005,90.744133
10/27/2005,89.778694
10/28/2005,91.071022
10/31/2005,91.321869
11/1/2005,91.595543
11/2/2005,92.553398
11/3/2005,92.948669
11/4/2005,92.827049
11/7/2005,92.918289
11/8/2005,92.918289
11/9/2005,93.039932
11/10/2005,93.762085
11/11/2005,94.081383
11/14/2005,94.028168
11/15/2005,93.686111
11/16/2005,93.876137
11/17/2005,94.750359
11/18/2005,95.122841
11/21/2005,95.601768
11/22/2005,96.01226
11/23/2005,96.567184
11/25/2005,96.643234
11/28/2005,95.959045
11/29/2005,95.852608
11/30/2005,95.33567
12/1/2005,96.308754
12/2/2005,96.430389
12/5/2005,96.225105
12/6/2005,96.407555
12/7/2005,95.845016
12/8/2005,95.784225
12/9/2005,96.035057
12/12/2005,96.126297
12/13/2005,96.78006
12/14/2005,97.160172
12/15/2005,96.878906
12/16/2005,96.567093
12/19/2005,96.070343
12/20/2005,96.162018
12/21/2005,96.314888
12/22/2005,96.819275
12/23/2005,96.87278
12/27/2005,95.886948
12/28/2005,96.100906
12/29/2005,95.672951
12/30/2005,95.153275
1/3/2006,96.826912
1/4/2006,97.285431
1/5/2006,97.346588
1/6/2006,98.156647
1/9/2006,98.408859
1/10/2006,98.508209
1/11/2006,98.821533
1/12/2006,98.431801
1/13/2006,98.340065
1/17/2006,98.072601
1/18/2006,97.682838
1/19/2006,98.057312
1/20/2006,96.26902
1/23/2006,96.612946
1/24/2006,96.712265
1/25/2006,96.796341
1/26/2006,97.331329
1/27/2006,98.233078
1/30/2006,98.156647
1/31/2006,97.438278
2/1/2006,98.118446
2/2/2006,96.979752
2/3/2006,96.498306
2/6/2006,96.750481
2/7/2006,95.894585
2/8/2006,96.765785
2/9/2006,96.605309
2/10/2006,96.781082
2/13/2006,96.605309
2/14/2006,97.629341
2/15/2006,97.973236
2/16/2006,98.706879
2/17/2006,98.439438
2/21/2006,98.194878
2/22/2006,98.790955
2/23/2006,98.645775
2/24/2006,98.897942
2/27/2006,98.936172
2/28/2006,97.996185
3/1/2006,98.867386
3/2/2006,98.859756
3/3/2006,98.401192
3/6/2006,97.95031
3/7/2006,97.797493
3/8/2006,98.003822
3/9/2006,97.346588
3/10/2006,98.271278
3/13/2006,98.454689
3/14/2006,99.486412
3/15/2006,99.929634
3/16/2006,100.136017
3/17/2006,100.219635
3/20/2006,100.058479
3/21/2006,99.429375
3/22/2006,100.035484
3/23/2006,99.828316
3/24/2006,99.90506
3/27/2006,99.759262
3/28/2006,99.145462
3/29/2006,99.76693
3/30/2006,99.590469
3/31/2006,99.613457
4/3/2006,99.536758
4/4/2006,100.173584
4/5/2006,100.518883
4/6/2006,100.41143
4/7/2006,99.390991
4/10/2006,99.544426
4/11/2006,98.700424
4/12/2006,98.884583
4/13/2006,98.754196
4/17/2006,98.715782
4/18/2006,100.281013
4/19/2006,100.472824
4/20/2006,100.610909
4/21/2006,100.626259
4/24/2006,100.442131
4/25/2006,100.027855
4/26/2006,100.050781
4/27/2006,100.534225
4/28/2006,100.87178
5/1/2006,100.050781
5/2/2006,100.802742
5/3/2006,100.426788
5/4/2006,100.787384
5/5/2006,101.677406
5/8/2006,101.554665
5/9/2006,101.754143
5/10/2006,101.700394
5/11/2006,100.472824
5/12/2006,99.160828
5/15/2006,99.360291
5/16/2006,99.214523
5/17/2006,97.327072
5/18/2006,96.835991
5/19/2006,97.518852
5/22/2006,96.774612
5/23/2006,96.038048
5/24/2006,96.805313
5/25/2006,98.002228
5/26/2006,98.500969
5/30/2006,96.751617
5/31/2006,97.833435
6/1/2006,98.769508
6/2/2006,98.976685
6/5/2006,97.53421
6/6/2006,97.296356
6/7/2006,96.567467
6/8/2006,96.483055
6/9/2006,96.17617
6/12/2006,95.132706
6/13/2006,94.02784
6/14/2006,94.756752
6/15/2006,96.766953
6/16/2006,96.061806
6/19/2006,95.306549
6/20/2006,95.630226
6/21/2006,96.339233
6/22/2006,95.91539
6/23/2006,95.899963
6/26/2006,96.323822
6/27/2006,95.491501
6/28/2006,96.138847
6/29/2006,98.080925
6/30/2006,98.088608
7/3/2006,98.489342
7/5/2006,97.926796
7/6/2006,98.211906
7/7/2006,97.572289
7/10/2006,97.757217
7/11/2006,98.188835
7/12/2006,97.140732
7/13/2006,95.560867
7/14/2006,95.190979
7/17/2006,95.052261
7/18/2006,95.537773
7/19/2006,96.863297
7/20/2006,96.2005
7/21/2006,95.522339
7/24/2006,97.264023
7/25/2006,97.610832
7/26/2006,97.741814
7/27/2006,97.649361
7/28/2006,98.628059
7/31/2006,98.527878
8/1/2006,98.042366
8/2/2006,98.705147
8/3/2006,98.967155
8/4/2006,98.79763
8/7/2006,98.566414
8/8/2006,98.188835
8/9/2006,97.85743
8/10/2006,98.157967
8/11/2006,97.880539
8/14/2006,97.957603
8/15/2006,99.129005
8/16/2006,99.95359
8/17/2006,100.207909
8/18/2006,100.716553
8/21/2006,100.284981
8/22/2006,100.277252
8/23/2006,99.999817
8/24/2006,99.915024
8/25/2006,100.038376
8/28/2006,100.516182
8/29/2006,100.631767
8/30/2006,100.693413
8/31/2006,100.677994
9/1/2006,101.279121
9/5/2006,101.471786
9/6/2006,100.577789
9/7/2006,100.115448
9/8/2006,100.400581
9/11/2006,100.500748
9/12/2006,101.487183
9/13/2006,101.89566
9/14/2006,101.903328
9/15/2006,102.142532
9/18/2006,102.281876
9/19/2006,102.026398
9/20/2006,102.568245
9/21/2006,102.072861
9/22/2006,101.76326
9/25/2006,102.545029
9/26/2006,103.396469
9/27/2006,103.520325
9/28/2006,103.481606
9/29/2006,103.396469
10/2/2006,103.00943
10/3/2006,103.226166
10/4/2006,104.433693
10/5/2006,104.634933
10/6/2006,104.503342
10/9/2006,104.565247
10/10/2006,104.704597
10/11/2006,104.580765
10/12/2006,105.486382
10/13/2006,105.757324
10/16/2006,105.919868
10/17/2006,105.586998
10/18/2006,105.726311
10/19/2006,105.896622
10/20/2006,105.919868
10/23/2006,106.407471
10/24/2006,106.724861
10/25/2006,107.088669
10/26/2006,107.421486
10/27/2006,106.74807
10/30/2006,106.670677
10/31/2006,106.65522
11/1/2006,105.935349
11/2/2006,105.873405
11/3/2006,105.687645
11/6/2006,106.879662
11/7/2006,107.289917
11/8/2006,107.522125
11/9/2006,106.957069
11/10/2006,107.003517
11/13/2006,107.266685
11/14/2006,108.071678
11/15/2006,108.381302
11/16/2006,108.659943
11/17/2006,108.69088
11/20/2006,108.752861
11/21/2006,108.861221
11/22/2006,109.077957
11/24/2006,108.636734
11/27/2006,107.142799
11/28/2006,107.607285
11/29/2006,108.729599
11/30/2006,108.776047
12/1/2006,108.536095
12/4/2006,109.364319
12/5/2006,109.836487
12/6/2006,109.743622
12/7/2006,109.263702
12/8/2006,109.464951
12/11/2006,109.782326
12/12/2006,109.697174
12/13/2006,109.813255
12/14/2006,110.78083
12/15/2006,110.790947
12/18/2006,110.487411
12/19/2006,110.697571
12/20/2006,110.635239
12/21/2006,110.230515
12/22/2006,109.553352
12/26/2006,110.199379
12/27/2006,110.923271
12/28/2006,110.689789
12/29/2006,110.230515
1/3/2007,110.035965
1/4/2007,110.26944
1/5/2007,109.389923
1/8/2007,109.895844
1/9/2007,109.80246
1/10/2007,110.168274
1/11/2007,110.650841
1/12/2007,111.491463
1/16/2007,111.273537
1/17/2007,111.320221
1/18/2007,110.946617
1/19/2007,111.164558
1/22/2007,110.82209
1/23/2007,111.148987
1/24/2007,112.044106
1/25/2007,110.728683
1/26/2007,110.627487
1/29/2007,110.565239
1/30/2007,111.14122
1/31/2007,111.88842
2/1/2007,112.557823
2/2/2007,112.713501
2/5/2007,112.744629
2/6/2007,112.775772
2/7/2007,113.024849
2/8/2007,112.87693
2/9/2007,112.036308
2/12/2007,111.65493
2/13/2007,112.596703
2/14/2007,113.336159
2/15/2007,113.484077
2/16/2007,113.429581
2/20/2007,113.670807
2/21/2007,113.624184
2/22/2007,113.538506
2/23/2007,113.094856
2/26/2007,112.993668
2/27/2007,108.580421
2/28/2007,109.693428
3/1/2007,109.366585
3/2/2007,107.93438
3/5/2007,106.906967
3/6/2007,108.736046
3/7/2007,108.627121
3/8/2007,109.545578
3/9/2007,109.576736
3/12/2007,109.740166
3/13/2007,107.60746
3/14/2007,108.409187
3/15/2007,108.557098
3/16/2007,108.253105
3/19/2007,109.558098
3/20/2007,110.159843
3/21/2007,111.97271
3/22/2007,111.886803
3/23/2007,112.050896
3/26/2007,111.902405
3/27/2007,111.636742
3/28/2007,110.824043
3/29/2007,110.941254
3/30/2007,110.964714
4/2/2007,111.089722
4/3/2007,112.28537
4/4/2007,112.41037
4/5/2007,112.715118
4/9/2007,112.871437
4/10/2007,113.004257
4/11/2007,112.543228
4/12/2007,113.04332
4/13/2007,113.559128
4/16/2007,114.637421
4/17/2007,114.942261
4/18/2007,115.082893
4/19/2007,115.051636
4/20/2007,116.137764
4/23/2007,115.700211
4/24/2007,115.747139
4/25/2007,116.809875
4/26/2007,116.942734
4/27/2007,116.848915
4/30/2007,115.879951
5/1/2007,116.176926
5/2/2007,116.856773
5/3/2007,117.489746
5/4/2007,117.935158
5/7/2007,117.95858
5/8/2007,117.802277
5/9/2007,118.122719
5/10/2007,116.888031
5/11/2007,117.888306
5/14/2007,117.630386
5/15/2007,117.661674
5/16/2007,118.466515
5/17/2007,118.232109
5/18/2007,119.263611
5/21/2007,119.201111
5/22/2007,119.107292
5/23/2007,119.12294
5/24/2007,118.044579
5/25/2007,118.536858
5/29/2007,118.966675
5/30/2007,119.935654
5/31/2007,119.810585
6/1/2007,120.404518
6/4/2007,120.42012
6/5/2007,119.943459
6/6/2007,118.654083
6/7/2007,116.512939
6/8/2007,118.028915
6/11/2007,118.232109
6/12/2007,116.942734
6/13/2007,118.693192
6/14/2007,119.451096
6/15/2007,120.130768
6/18/2007,119.989502
6/19/2007,120.287758
6/20/2007,118.616119
6/21/2007,119.275345
6/22/2007,118.153076
6/25/2007,117.588005
6/26/2007,116.379402
6/27/2007,118.035339
6/28/2007,118.019676
6/29/2007,118.058899
7/2/2007,119.126213
7/3/2007,119.557838
7/5/2007,119.432327
7/6/2007,120.060173
7/9/2007,120.154335
7/10/2007,118.443474
7/11/2007,119.283173
7/12/2007,121.166748
7/13/2007,121.527794
7/16/2007,121.511993
7/17/2007,121.449242
7/18/2007,121.229523
7/19/2007,121.700401
7/20/2007,120.468277
7/23/2007,120.837112
7/24/2007,118.741669
7/25/2007,118.984962
7/26/2007,116.167534
7/27/2007,113.883705
7/30/2007,115.665215
7/31/2007,114.362404
8/1/2007,114.919662
8/2/2007,115.837891
8/3/2007,112.855614
8/6/2007,114.747009
8/7/2007,115.971298
8/8/2007,117.588005
8/9/2007,114.10347
8/10/2007,113.569794
8/13/2007,113.977898
8/14/2007,112.235611
8/15/2007,110.689499
8/16/2007,111.521408
8/17/2007,113.569794
8/20/2007,113.514847
8/21/2007,113.742424
8/22/2007,115.092323
8/23/2007,114.990288
8/24/2007,116.410789
8/27/2007,115.327759
8/28/2007,112.792831
8/29/2007,115.005974
8/30/2007,114.699875
8/31/2007,115.830032
9/4/2007,116.999413
9/5/2007,115.986984
9/6/2007,116.25386
9/7/2007,114.637154
9/10/2007,114.417358
9/11/2007,115.751572
9/12/2007,116.049805
9/13/2007,116.86599
9/14/2007,116.858116
9/17/2007,116.230286
9/18/2007,119.652046
9/19/2007,120.358353
9/20/2007,119.510742
9/21/2007,119.833298
9/24/2007,119.612503
9/25/2007,119.375954
9/26/2007,120.006775
9/27/2007,120.716446
9/28/2007,120.314301
10/1/2007,121.67054
10/2/2007,121.504967
10/3/2007,121.260551
10/4/2007,121.449799
10/5/2007,122.892822
10/8/2007,122.238319
10/9/2007,123.389526
10/10/2007,123.184555
10/11/2007,122.59314
10/12/2007,123.271286
10/15/2007,122.230377
10/16/2007,121.260551
10/17/2007,121.63118
10/18/2007,121.189613
10/19/2007,118.019737
10/22/2007,118.705734
10/23/2007,119.667679
10/24/2007,119.446922
10/25/2007,119.73082
10/26/2007,121.134346
10/29/2007,121.536499
10/30/2007,120.692787
10/31/2007,121.946571
11/1/2007,119.092087
11/2/2007,119.22612
11/5/2007,118.319305
11/6/2007,119.91214
11/7/2007,116.631889
11/8/2007,116.040459
11/9/2007,114.447578
11/12/2007,113.312103
11/13/2007,116.765953
11/14/2007,116.442589
11/15/2007,114.763092
11/16/2007,114.960182
11/19/2007,113.359436
11/20/2007,114.053375
11/21/2007,111.719284
11/23/2007,113.651207
11/26/2007,111.143707
11/27/2007,112.421104
11/28/2007,116.01683
11/29/2007,116.056221
11/30/2007,117.223244
12/3/2007,116.45047
12/4/2007,115.409645
12/5/2007,117.341537
12/6/2007,119.021118
12/7/2007,118.997498
12/10/2007,119.920029
12/11/2007,116.631889
12/12/2007,117.783127
12/13/2007,117.538651
12/14/2007,116.048332
12/17/2007,114.392441
12/18/2007,115.031113
12/19/2007,115.031113
12/20/2007,115.756569
12/21/2007,117.425301
12/24/2007,118.297264
12/26/2007,118.550926
12/27/2007,117.060585
12/28/2007,116.767326
12/31/2007,115.903229
1/2/2008,114.888565
1/3/2008,114.833084
1/4/2008,112.018936
1/7/2008,111.923813
1/8/2008,110.116409
1/9/2008,111.273735
1/10/2008,112.003067
1/11/2008,111.09938
1/14/2008,111.995117
1/15/2008,109.5298
1/16/2008,108.586449
1/17/2008,105.77227
1/18/2008,104.686279
1/22/2008,103.624039
1/23/2008,106.113182
1/24/2008,107.008949
1/25/2008,105.463142
1/28/2008,107.207161
1/29/2008,107.738281
1/30/2008,106.945549
1/31/2008,108.895615
2/1/2008,110.64753
2/4/2008,109.252373
2/5/2008,106.327225
2/6/2008,105.4711
2/7/2008,106.168678
2/8/2008,105.486923
2/11/2008,106.025955
2/12/2008,107.008949
2/13/2008,108.102898
2/14/2008,107.151657
2/15/2008,107.127876
2/19/2008,107.429092
2/20/2008,107.746178
2/21/2008,106.85038
2/22/2008,107.508377
2/25/2008,108.863914
2/26/2008,109.680397
2/27/2008,109.569443
2/28/2008,108.499252
2/29/2008,106.081497
3/3/2008,105.827827
3/4/2008,105.423538
3/5/2008,106.089439
3/6/2008,103.893578
3/7/2008,102.823395
3/10/2008,101.467842
3/11/2008,105.11438
3/12/2008,104.131401
3/13/2008,104.36129
3/14/2008,102.744133
3/17/2008,101.705688
3/18/2008,105.930862
3/19/2008,103.306961
3/20/2008,105.22049
3/24/2008,107.323616
3/25/2008,107.427208
3/26/2008,106.112701
3/27/2008,105.778145
3/28/2008,104.766426
3/31/2008,105.132881
4/1/2008,108.829292
4/2/2008,108.900978
4/3/2008,109.171837
4/4/2008,109.052345
4/7/2008,109.108124
4/8/2008,108.996574
4/9/2008,108.207909
4/10/2008,108.359276
4/11/2008,106.256142
4/14/2008,105.897636
4/15/2008,106.144608
4/16/2008,109.020454
4/17/2008,109.179825
4/18/2008,110.319023
4/21/2008,110.374748
4/22/2008,109.888832
4/23/2008,109.713531
4/24/2008,110.191544
4/25/2008,111.211243
4/28/2008,111.235146
4/29/2008,110.797012
4/30/2008,110.143745
5/1/2008,112.422134
5/2/2008,112.732796
5/5/2008,112.191147
5/6/2008,113.162994
5/7/2008,111.147522
5/8/2008,110.860703
5/9/2008,110.653618
5/12/2008,111.896355
5/13/2008,111.912285
5/14/2008,112.143326
5/15/2008,113.545418
5/16/2008,113.648956
5/19/2008,113.959694
5/20/2008,113.035507
5/21/2008,111.123589
5/22/2008,111.139549
5/23/2008,109.649811
5/27/2008,110.462357
5/28/2008,110.972237
5/29/2008,111.529884
5/30/2008,111.808708
6/2/2008,110.653618
6/3/2008,110.008308
6/4/2008,109.952568
6/5/2008,112.15126
6/6/2008,108.574348
6/9/2008,108.83725
6/10/2008,108.29554
6/11/2008,106.702232
6/12/2008,107.108521
6/13/2008,108.462807
6/16/2008,108.526573
6/17/2008,108.000793
6/18/2008,106.949226
6/19/2008,107.084656
6/20/2008,105.346481
6/23/2008,105.242409
6/24/2008,105.034241
6/25/2008,105.530609
6/26/2008,102.664391
6/27/2008,102.103928
6/30/2008,102.464203
7/1/2008,102.78447
7/2/2008,101.023087
7/3/2008,101.127182
7/7/2008,100.094345
7/8/2008,101.871773
7/9/2008,99.910233
7/10/2008,100.318542
7/11/2008,99.14962
7/14/2008,98.252937
7/15/2008,96.867836
7/16/2008,99.245689
7/17/2008,100.238457
7/18/2008,100.862968
7/21/2008,100.919022
7/22/2008,102.063919
7/23/2008,102.616325
7/24/2008,100.486671
7/25/2008,100.462662
7/28/2008,98.989494
7/29/2008,101.103149
7/30/2008,102.904579
7/31/2008,101.54348
8/1/2008,101.007072
8/4/2008,100.070351
8/5/2008,102.768471
8/6/2008,103.2248
8/7/2008,101.687622
8/8/2008,103.577087
8/11/2008,104.649933
8/12/2008,103.561081
8/13/2008,102.936607
8/14/2008,103.713196
8/15/2008,104.217583
8/18/2008,102.792473
8/19/2008,101.671593
8/20/2008,102.143982
8/21/2008,102.320129
8/22/2008,103.801239
8/25/2008,101.695595
8/26/2008,101.991852
8/27/2008,102.984627
8/28/2008,104.233627
8/29/2008,103.112755
9/2/2008,102.472221
9/3/2008,102.384148
9/4/2008,99.30175
9/5/2008,99.613976
9/8/2008,101.671593
9/9/2008,98.653236
9/10/2008,99.053551
9/11/2008,100.486671
9/12/2008,100.951027
9/15/2008,96.147263
9/16/2008,97.756546
9/17/2008,93.361107
9/18/2008,96.131271
9/19/2008,99.949013
9/22/2008,97.686188
9/23/2008,95.463692
9/24/2008,95.769707
9/25/2008,97.267487
9/26/2008,97.315804
9/29/2008,89.689957
9/30/2008,93.402237
10/1/2008,93.458588
10/2/2008,90.068443
10/3/2008,88.852486
10/6/2008,84.32695
10/7/2008,80.55024
10/8/2008,78.520996
10/9/2008,73.037178
10/10/2008,71.265594
10/13/2008,81.613213
10/14/2008,80.405319
10/15/2008,72.489586
10/16/2008,75.509331
10/17/2008,75.05838
10/20/2008,79.567848
10/21/2008,77.192329
10/22/2008,72.988884
10/23/2008,73.834396
10/24/2008,70.089935
10/27/2008,67.601669
10/28/2008,75.501297
10/29/2008,74.953728
10/30/2008,77.546646
10/31/2008,77.973434
11/3/2008,78.198914
11/4/2008,80.856262
11/5/2008,77.458076
11/6/2008,73.166046
11/7/2008,75.58181
11/10/2008,74.591316
11/11/2008,72.2883
11/12/2008,69.107521
11/13/2008,73.415642
11/14/2008,69.751701
11/17/2008,68.825668
11/18/2008,70.122131
11/19/2008,65.628769
11/20/2008,60.756927
11/21/2008,64.034363
11/24/2008,68.471359
11/25/2008,68.978653
11/26/2008,71.644081
11/28/2008,72.545952
12/1/2008,66.119987
12/2/2008,68.664604
12/3/2008,70.315422
12/4/2008,68.688782
12/5/2008,70.806587
12/8/2008,73.278748
12/9/2008,72.070877
12/10/2008,72.562073
12/11/2008,70.814667
12/12/2008,71.660194
12/15/2008,70.661659
12/16/2008,73.987358
12/17/2008,73.270683
12/18/2008,71.901749
12/19/2008,71.592484
12/22/2008,70.675133
12/23/2008,69.944489
12/24/2008,70.35041
12/26/2008,70.75631
12/29/2008,70.553368
12/30/2008,72.22567
12/31/2008,73.25663
1/2/2009,75.464737
1/5/2009,75.375465
1/6/2009,75.878746
1/7/2009,73.605713
1/8/2009,73.906075
1/9/2009,72.323067
1/12/2009,70.585823
1/13/2009,70.715714
1/14/2009,68.491409
1/15/2009,68.515755
1/16/2009,69.051529
1/20/2009,65.406548
1/21/2009,68.231621
1/22/2009,67.1763
1/23/2009,67.468521
1/26/2009,67.931259
1/27/2009,68.621277
1/28/2009,70.943008
1/29/2009,68.637512
1/30/2009,67.241234
2/2/2009,67.038292
2/3/2009,67.979958
2/4/2009,67.647125
2/5/2009,68.65374
2/6/2009,70.610199
2/9/2009,70.707611
2/10/2009,67.468521
2/11/2009,67.86631
2/12/2009,67.915031
2/13/2009,67.184395
2/17/2009,64.310631
2/18/2009,64.156425
2/19/2009,63.466373
2/20/2009,62.84938
2/23/2009,60.600719
2/24/2009,62.898132
2/25/2009,62.402905
2/26/2009,61.388172
2/27/2009,60.016232
3/2/2009,57.312939
3/3/2009,56.882679
3/4/2009,58.230267
3/5/2009,55.851692
3/6/2009,55.94912
3/9/2009,55.291565
3/10/2009,58.587452
3/11/2009,58.969009
3/12/2009,61.290741
3/13/2009,61.769691
3/16/2009,61.583019
3/17/2009,63.466373
3/18/2009,64.887016
3/19/2009,64.083313
3/20/2009,62.71875
3/23/2009,67.22377
3/24/2009,65.899239
3/25/2009,66.594185
3/26/2009,67.951454
3/27/2009,66.725006
3/30/2009,64.419357
3/31/2009,65.016212
4/1/2009,66.275345
4/2/2009,68.213081
4/3/2009,68.891693
4/6/2009,68.352074
4/7/2009,66.757751
4/8/2009,67.477219
4/9/2009,70.158974
4/13/2009,70.175331
4/14/2009,68.965286
4/15/2009,69.701111
4/16/2009,70.723137
4/17/2009,71.19735
4/20/2009,68.213081
4/21/2009,69.545753
4/22/2009,69.120621
4/23/2009,69.79921
4/24/2009,70.853943
4/27/2009,70.183487
4/28/2009,69.962761
4/29/2009,71.450798
4/30/2009,71.475327
5/1/2009,71.859612
5/4/2009,74.304283
5/5/2009,74.050797
5/6/2009,75.334435
5/7/2009,74.287903
5/8/2009,76.02124
5/11/2009,74.598587
5/12/2009,74.377838
5/13/2009,72.505516
5/14/2009,73.126869
5/15/2009,72.53006
5/18/2009,74.590439
5/19/2009,74.500481
5/20/2009,74.001747
5/21/2009,72.938828
5/22/2009,72.783478
5/26/2009,74.647652
5/27/2009,73.314949
5/28/2009,74.336952
5/29/2009,75.653313
6/1/2009,77.484734
6/2/2009,77.550163
6/3/2009,76.569016
6/4/2009,77.288521
6/5/2009,77.304886
6/8/2009,76.986023
6/9/2009,77.378464
6/10/2009,77.182198
6/11/2009,77.525627
6/12/2009,77.73819
6/15/2009,75.955818
6/16/2009,74.925629
6/17/2009,74.852074
6/18/2009,75.399849
6/19/2009,75.67778
6/22/2009,73.408394
6/23/2009,73.465988
6/24/2009,74.099098
6/25/2009,75.710663
6/26/2009,75.513306
6/29/2009,76.220428
6/30/2009,75.603775
7/1/2009,75.916229
7/2/2009,73.844185
7/6/2009,73.835983
7/7/2009,72.405281
7/8/2009,72.355972
7/9/2009,72.49572
7/10/2009,72.323067
7/13/2009,74.082626
7/14/2009,74.501976
7/15/2009,76.68087
7/16/2009,76.557556
7/17/2009,77.396217
7/20/2009,78.218437
7/21/2009,78.580231
7/22/2009,78.563782
7/23/2009,80.298676
7/24/2009,80.627563
7/27/2009,80.866013
7/28/2009,80.487801
7/29/2009,80.290459
7/30/2009,81.12915
7/31/2009,81.244225
8/3/2009,82.584473
8/4/2009,82.798233
8/5/2009,82.559814
8/6/2009,82.132271
8/7/2009,83.209351
8/10/2009,83.03669
8/11/2009,82.000694
8/12/2009,82.880447
8/13/2009,83.513588
8/14/2009,82.872261
8/17/2009,80.83313
8/18/2009,81.474472
8/19/2009,82.189796
8/20/2009,83.03669
8/21/2009,84.664711
8/24/2009,84.656479
8/25/2009,84.820915
8/26/2009,84.829147
8/27/2009,85.018265
8/28/2009,85.001816
8/31/2009,84.245354
9/1/2009,82.387138
9/2/2009,82.074684
9/3/2009,82.757149
9/4/2009,83.916466
9/8/2009,84.640045
9/9/2009,85.289604
9/10/2009,86.161148
9/11/2009,86.144722
9/14/2009,86.564049
9/15/2009,86.925827
9/16/2009,88.241386
9/17/2009,88.10984
9/18/2009,88.166008
9/21/2009,87.942955
9/22/2009,88.455154
9/23/2009,87.71991
9/24/2009,86.753326
9/25/2009,86.290642
9/28/2009,87.835541
9/29/2009,87.57119
9/30/2009,87.232468
10/1/2009,85.067978
10/2/2009,84.671463
10/5/2009,85.935402
10/6/2009,87.166374
10/7/2009,87.40596
10/8/2009,88.075119
10/9/2009,88.612152
10/12/2009,88.959091
10/13/2009,88.777359
10/14/2009,90.30571
10/15/2009,90.636192
10/16/2009,89.95874
10/19/2009,90.702263
10/20/2009,90.223137
10/21/2009,89.413498
10/22/2009,90.32225
10/23/2009,89.289566
10/26/2009,88.322983
10/27/2009,87.918167
10/28/2009,86.257622
10/29/2009,88.108192
10/30/2009,85.555389
11/2/2009,86.18325
11/3/2009,86.455887
11/4/2009,86.67897
11/5/2009,88.273399
11/6/2009,88.504723
11/9/2009,90.520538
11/10/2009,90.537048
11/11/2009,90.999687
11/12/2009,90.074417
11/13/2009,90.561813
11/16/2009,91.875397
11/17/2009,91.982796
11/18/2009,91.924988
11/19/2009,90.727036
11/20/2009,90.404877
11/23/2009,91.553215
11/24/2009,91.693649
11/25/2009,92.015839
11/27/2009,90.520538
11/30/2009,90.826225
12/1/2009,91.949745
12/2/2009,91.908432
12/3/2009,91.18969
12/4/2009,91.710175
12/7/2009,91.569717
12/8/2009,90.553566
12/9/2009,90.892288
12/10/2009,91.404495
12/11/2009,91.792763
12/14/2009,92.420631
12/15/2009,91.991051
12/16/2009,92.131508
12/17/2009,91.024475
12/18/2009,91.539436
12/21/2009,92.469719
12/22/2009,92.801949
12/23/2009,92.984673
12/24/2009,93.424896
12/28/2009,93.624222
12/29/2009,93.49131
12/30/2009,93.458122
12/31/2009,92.561058
1/4/2010,94.130867
1/5/2010,94.380074
1/6/2010,94.446495
1/7/2010,94.845207
1/8/2010,95.160805
1/11/2010,95.293701
1/12/2010,94.404961
1/13/2010,95.202347
1/14/2010,95.459831
1/15/2010,94.388382
1/19/2010,95.567795
1/20/2010,94.596008
1/21/2010,92.777
1/22/2010,90.70887
1/25/2010,91.173965
1/26/2010,90.791885
1/27/2010,91.223801
1/28/2010,90.177261
1/29/2010,89.197174
2/1/2010,90.584244
2/2/2010,91.680626
2/3/2010,91.223801
2/4/2010,88.408119
2/5/2010,88.590858
2/8/2010,87.951279
2/9/2010,89.055992
2/10/2010,88.881561
2/11/2010,89.811798
2/12/2010,89.737053
2/16/2010,91.14904
2/17/2010,91.580986
2/18/2010,92.120857
2/19/2010,92.311882
2/22/2010,92.328499
2/23/2010,91.207207
2/24/2010,92.046104
2/25/2010,91.921494
2/26/2010,91.979668
3/1/2010,92.93483
3/2/2010,93.192322
3/3/2010,93.275368
3/4/2010,93.557755
3/5/2010,94.895035
3/8/2010,94.911652
3/9/2010,95.069458
3/10/2010,95.49305
3/11/2010,95.891739
3/12/2010,95.900024
3/15/2010,95.924965
3/16/2010,96.689117
3/17/2010,97.262215
3/18/2010,97.212379
3/19/2010,96.720314
3/22/2010,97.237389
3/23/2010,97.921288
3/24/2010,97.445908
3/25/2010,97.287453
3/26/2010,97.229057
3/29/2010,97.84623
3/30/2010,97.912949
3/31/2010,97.579323
4/1/2010,98.246552
4/5/2010,99.04718
4/6/2010,99.280731
4/7/2010,98.7136
4/8/2010,99.055542
4/9/2010,99.706062
4/12/2010,99.864532
4/13/2010,99.939583
4/14/2010,101.073837
4/15/2010,101.157234
4/16/2010,99.547607
4/19/2010,99.922905
4/20/2010,100.815308
4/21/2010,100.631844
4/22/2010,100.932076
4/23/2010,101.590927
4/26/2010,101.207291
4/27/2010,98.813683
4/28/2010,99.564285
4/29/2010,100.79863
4/30/2010,99.088905
5/3/2010,100.373291
5/4/2010,98.013039
5/5/2010,97.429199
5/6/2010,94.193268
5/7/2010,92.792099
5/10/2010,96.878761
5/11/2010,96.603531
5/12/2010,97.954628
5/13/2010,96.736992
5/14/2010,94.985558
5/17/2010,95.035599
5/18/2010,93.742882
5/19/2010,93.209106
5/20/2010,89.689613
5/21/2010,90.998985
5/24/2010,89.831375
5/25/2010,89.923126
5/26/2010,89.380997
5/27/2010,92.375122
5/28/2010,91.21582
6/1/2010,89.681236
6/2/2010,92.016495
6/3/2010,92.333397
6/4/2010,89.089104
6/7/2010,87.979843
6/8/2010,88.922279
6/9/2010,88.446915
6/10/2010,91.032356
6/11/2010,91.474365
6/14/2010,91.332581
6/15/2010,93.409286
6/16/2010,93.375916
6/17/2010,93.526062
6/18/2010,93.627449
6/21/2010,93.359291
6/22/2010,91.817413
6/23/2010,91.532494
6/24/2010,90.015755
6/25/2010,90.392815
6/28/2010,90.10791
6/29/2010,87.325821
6/30/2010,86.496239
7/1/2010,86.110779
7/2/2010,85.641502
7/6/2010,86.202934
7/7/2010,88.917999
7/8/2010,89.797874
7/9/2010,90.468254
7/12/2010,90.526924
7/13/2010,91.89283
7/14/2010,91.88443
7/15/2010,91.909576
7/16/2010,89.378914
7/19/2010,89.906822
7/20/2010,90.904015
7/21/2010,89.722443
7/22/2010,91.725243
7/23/2010,92.521317
7/26/2010,93.484955
7/27/2010,93.476616
7/28/2010,92.873253
7/29/2010,92.420746
7/30/2010,92.403992
8/2/2010,94.490555
8/3/2010,94.038071
8/4/2010,94.666534
8/5/2010,94.565979
8/6/2010,94.180511
8/9/2010,94.683311
8/10/2010,94.172119
8/11/2010,91.591156
8/12/2010,91.029694
8/13/2010,90.761551
8/16/2010,90.719658
8/17/2010,91.834175
8/18/2010,92.001755
8/19/2010,90.40123
8/20/2010,90.10791
8/23/2010,89.764359
8/24/2010,88.431953
8/25/2010,88.775536
8/26/2010,88.180565
8/27/2010,89.546501
8/30/2010,88.247597
8/31/2010,88.247597
9/1/2010,90.88723
9/2/2010,91.733582
9/3/2010,92.923531
9/7/2010,91.876068
9/8/2010,92.521317
9/9/2010,92.948685
9/10/2010,93.417953
9/13/2010,94.457054
9/14/2010,94.398399
9/15/2010,94.758705
9/16/2010,94.733574
9/17/2010,94.768944
9/20/2010,96.21801
9/21/2010,96.024231
9/22/2010,95.552467
9/23/2010,94.777382
9/24/2010,96.731895
9/27/2010,96.268547
9/28/2010,96.605537
9/29/2010,96.437042
9/30/2010,96.150604
10/1/2010,96.55497
10/4/2010,95.83046
10/5/2010,97.759735
10/6/2010,97.751274
10/7/2010,97.633347
10/8/2010,98.180931
10/11/2010,98.273621
10/12/2010,98.576904
10/13/2010,99.343544
10/14/2010,98.956009
10/15/2010,99.158203
10/18/2010,99.646828
10/19/2010,98.341026
10/20/2010,99.301422
10/21/2010,99.52047
10/22/2010,99.705811
10/25/2010,100.000664
10/26/2010,100.017532
10/27/2010,99.731079
10/28/2010,99.747925
10/29/2010,99.823723
11/1/2010,99.85746
11/2/2010,100.649368
11/3/2010,101.053749
11/4/2010,102.999847
11/5/2010,103.387367
11/8/2010,103.193611
11/9/2010,102.452255
11/10/2010,102.865036
11/11/2010,102.477501
11/12/2010,101.264381
11/15/2010,101.121147
11/16/2010,99.545738
11/17/2010,99.596283
11/18/2010,101.062195
11/19/2010,101.340195
11/22/2010,101.255943
11/23/2010,99.790054
11/24/2010,101.264381
11/26/2010,100.084923
11/29/2010,100.388206
11/30/2010,99.823723
12/1/2010,101.946762
12/2/2010,103.252586
12/3/2010,103.530594
12/6/2010,103.421074
12/7/2010,103.480057
12/8/2010,103.859154
12/9/2010,104.263542
12/10/2010,104.87011
12/13/2010,104.937492
12/14/2010,105.030174
12/15/2010,104.549995
12/16/2010,105.156555
12/17/2010,105.269173
12/20/2010,105.52327
12/21/2010,106.192322
12/22/2010,106.522591
12/23/2010,106.370155
12/27/2010,106.412514
12/28/2010,106.564926
12/29/2010,106.641182
12/30/2010,106.471764
12/31/2010,106.497185
1/3/2011,107.598145
1/4/2011,107.538879
1/5/2011,108.097839
1/6/2011,107.886108
1/7/2011,107.674393
1/10/2011,107.538879
1/11/2011,107.919991
1/12/2011,108.893906
1/13/2011,108.716087
1/14/2011,109.50367
1/18/2011,109.689987
1/19/2011,108.614449
1/20/2011,108.470451
1/21/2011,108.716087
1/24/2011,109.334305
1/25/2011,109.39357
1/26/2011,109.817047
1/27/2011,110.088043
1/28/2011,108.165573
1/31/2011,108.978592
2/1/2011,110.723221
2/2/2011,110.511505
2/3/2011,110.757072
2/4/2011,111.070404
2/7/2011,111.764915
2/8/2011,112.27301
2/9/2011,112.018967
2/10/2011,112.061317
2/11/2011,112.730354
2/14/2011,113.001366
2/15/2011,112.645638
2/16/2011,113.357056
2/17/2011,113.695816
2/18/2011,113.932953
2/22/2011,111.646339
2/23/2011,110.960335
2/24/2011,110.884109
2/25/2011,112.069778
2/28/2011,112.764221
3/1/2011,110.884109
3/2/2011,111.121254
3/3/2011,113.035248
3/4/2011,112.188354
3/7/2011,111.307579
3/8/2011,112.281494
3/9/2011,112.120583
3/10/2011,110.045685
3/11/2011,110.807899
3/14/2011,110.138863
3/15/2011,108.876991
3/16/2011,106.861382
3/17/2011,108.275673
3/18/2011,108.669495
3/21/2011,110.353653
3/22/2011,109.970863
3/23/2011,110.285599
3/24/2011,111.340271
3/25/2011,111.680542
3/28/2011,111.408371
3/29/2011,112.156868
3/30/2011,112.930885
3/31/2011,112.777771
4/1/2011,113.254089
4/4/2011,113.347641
4/5/2011,113.33065
4/6/2011,113.687874
4/7/2011,113.398689
4/8/2011,113.007423
4/11/2011,112.667206
4/12/2011,111.825142
4/13/2011,111.816643
4/14/2011,111.901672
4/15/2011,112.309967
4/18/2011,111.051117
4/19/2011,111.689034
4/20/2011,113.211563
4/21/2011,113.789955
4/25/2011,113.670898
4/26/2011,114.649025
4/27/2011,115.39753
4/28/2011,115.77179
4/29/2011,116.044006
5/2/2011,115.865379
5/3/2011,115.448578
5/4/2011,114.683052
5/5/2011,113.645378
5/6/2011,114.147209
5/9/2011,114.589485
5/10/2011,115.567627
5/11/2011,114.351334
5/12/2011,114.895714
5/13/2011,114.011116
5/16/2011,113.288109
5/17/2011,113.271111
5/18/2011,114.283325
5/19/2011,114.555481
5/20/2011,113.645378
5/23/2011,112.326965
5/24/2011,112.233414
5/25/2011,112.607658
5/26/2011,113.126518
5/27/2011,113.56031
5/31/2011,114.742599
6/1/2011,112.165352
6/2/2011,112.04628
6/3/2011,110.93203
6/6/2011,109.758247
6/7/2011,109.690201
6/8/2011,109.230858
6/9/2011,110.064438
6/10/2011,108.533409
6/13/2011,108.618446
6/14/2011,109.996414
6/15/2011,108.040062
6/16/2011,108.278229
6/17/2011,108.601357
6/20/2011,109.156929
6/21/2011,110.652824
6/22/2011,109.986099
6/23/2011,109.669838
6/24/2011,108.396194
6/27/2011,109.362122
6/28/2011,110.789597
6/29/2011,111.738434
6/30/2011,112.806938
7/1/2011,114.473785
7/5/2011,114.379738
7/6/2011,114.516533
7/7/2011,115.704659
7/8/2011,114.884056
7/11/2011,112.806938
7/12/2011,112.319687
7/13/2011,112.695778
7/14/2011,111.917923
7/15/2011,112.567566
7/18/2011,111.644424
7/19/2011,113.456535
7/20/2011,113.388184
7/21/2011,114.960999
7/22/2011,115.037941
7/25/2011,114.396835
7/26/2011,113.969429
7/27/2011,111.635864
7/28/2011,111.31102
7/29/2011,110.550255
8/1/2011,110.08017
8/2/2011,107.26786
8/3/2011,107.849129
8/4/2011,102.797325
8/5/2011,102.643448
8/8/2011,95.958969
8/9/2011,100.42099
8/10/2011,95.984604
8/11/2011,100.292755
8/12/2011,100.968048
8/15/2011,103.105034
8/16/2011,102.224579
8/17/2011,102.292992
8/18/2011,97.88224
8/19/2011,96.283791
8/22/2011,96.360725
8/23/2011,99.532021
8/24/2011,100.933853
8/25/2011,99.395226
8/26/2011,100.839813
8/29/2011,103.737587
8/30/2011,104.011108
8/31/2011,104.472694
9/1/2011,103.378571
9/2/2011,100.737267
9/6/2011,100.002129
9/7/2011,102.82296
9/8/2011,101.754463
9/9/2011,99.087509
9/12/2011,99.728622
9/13/2011,100.643234
9/14/2011,102.036568
9/15/2011,103.797424
9/16/2011,104.411751
9/19/2011,103.372101
9/20/2011,103.251823
9/21/2011,100.210197
9/22/2011,96.970947
9/23/2011,97.555199
9/26/2011,99.875099
9/27/2011,100.992088
9/28/2011,98.929939
9/29/2011,99.711838
9/30/2011,97.220131
10/3/2011,94.453453
10/4/2011,96.524147
10/5/2011,98.311302
10/6/2011,100.089897
10/7/2011,99.419708
10/10/2011,102.744904
10/11/2011,102.847977
10/12/2011,103.750168
10/13/2011,103.54393
10/14/2011,105.313919
10/17/2011,103.303391
10/18/2011,105.322525
10/19/2011,104.076637
10/20/2011,104.532036
10/21/2011,106.516838
10/24/2011,107.822823
10/25/2011,105.726349
10/26/2011,106.800369
10/27/2011,110.520782
10/28/2011,110.49498
10/31/2011,107.831436
11/1/2011,104.824165
11/2/2011,106.534004
11/3/2011,108.475838
11/4/2011,107.814224
11/7/2011,108.484428
11/8/2011,109.876335
11/9/2011,105.820869
11/10/2011,106.817566
11/11/2011,108.828125
11/14/2011,107.797058
11/15/2011,108.329765
11/16/2011,106.611336
11/17/2011,104.918686
11/18/2011,104.806984
11/21/2011,102.813606
11/22/2011,102.40979
11/23/2011,100.150032
11/25/2011,99.961006
11/28/2011,102.856567
11/29/2011,103.148705
11/30/2011,107.39325
12/1/2011,107.376053
12/2/2011,107.281525
12/5/2011,108.450066
12/6/2011,108.484428
12/7/2011,108.888252
12/8/2011,106.499641
12/9/2011,108.303986
12/12/2011,106.723038
12/13/2011,105.726349
12/14/2011,104.600784
12/15/2011,104.978836
12/16/2011,105.134476
12/19/2011,104.010422
12/20/2011,107.157791
12/21/2011,107.365311
12/22/2011,108.316429
12/23/2011,109.284843
12/27/2011,109.371323
12/28/2011,107.935989
12/29/2011,109.051392
12/30/2011,108.515327
1/3/2012,110.244629
1/4/2012,110.417557
1/5/2012,110.711548
1/6/2012,110.426208
1/9/2012,110.69426
1/10/2012,111.654045
1/11/2012,111.714554
1/12/2012,111.98259
1/13/2012,111.403275
1/17/2012,111.835632
1/18/2012,113.072098
1/19/2012,113.668709
1/20/2012,114.092407
1/23/2012,113.79837
1/24/2012,113.668709
1/25/2012,114.619827
1/26/2012,114.031883
1/27/2012,113.980011
1/30/2012,113.590881
1/31/2012,113.547661
2/1/2012,114.542015
2/2/2012,114.723579
2/3/2012,116.331863
2/6/2012,116.254051
2/7/2012,116.548042
2/8/2012,116.893898
2/9/2012,117.040901
2/10/2012,116.176231
2/13/2012,117.040901
2/14/2012,116.893898
2/15/2012,116.349159
2/16/2012,117.63752
2/17/2012,117.948776
2/21/2012,118.000664
2/22/2012,117.620209
2/23/2012,118.139015
2/24/2012,118.398422
2/27/2012,118.59729
2/28/2012,118.943153
2/29/2012,118.476242
3/1/2012,119.090157
3/2/2012,118.72699
3/5/2012,118.242767
3/6/2012,116.513474
3/7/2012,117.326248
3/8/2012,118.493515
3/9/2012,118.951843
3/12/2012,118.960449
3/13/2012,121.10479
3/14/2012,120.975121
3/15/2012,121.675476
3/16/2012,121.843971
3/19/2012,122.321655
3/20/2012,121.965569
3/21/2012,121.765793
3/22/2012,120.88868
3/23/2012,121.279488
3/26/2012,122.981621
3/27/2012,122.599518
3/28/2012,121.991638
3/29/2012,121.783188
3/30/2012,122.286865
4/2/2012,123.181374
4/3/2012,122.677696
4/4/2012,121.46183
4/5/2012,121.40107
4/9/2012,120.037575
4/10/2012,118.022766
4/11/2012,118.978088
4/12/2012,120.532616
4/13/2012,119.099678
4/16/2012,119.0215
4/17/2012,120.78447
4/18/2012,120.376266
4/19/2012,119.60334
4/20/2012,119.803123
4/23/2012,118.79567
4/24/2012,119.247292
4/25/2012,120.879951
4/26/2012,121.722389
4/27/2012,121.922127
4/30/2012,121.470543
5/1/2012,122.226082
5/2/2012,121.861351
5/3/2012,120.932106
5/4/2012,118.978088
5/7/2012,119.064911
5/8/2012,118.58728
5/9/2012,117.88382
5/10/2012,118.127007
5/11/2012,117.770935
5/14/2012,116.468246
5/15/2012,115.79953
5/16/2012,115.356636
5/17/2012,113.645782
5/18/2012,112.673096
5/21/2012,114.609741
5/22/2012,114.809471
5/23/2012,114.87027
5/24/2012,115.096085
5/25/2012,114.722664
5/29/2012,116.112183
5/30/2012,114.427376
5/31/2012,114.175529
6/1/2012,111.300957
6/4/2012,111.248833
6/5/2012,112.09124
6/6/2012,114.609741
6/7/2012,114.679214
6/8/2012,115.591141
6/11/2012,114.123451
6/12/2012,115.434792
6/13/2012,114.696632
6/14/2012,115.91246
6/15/2012,117.097939
6/18/2012,117.324898
6/19/2012,118.459694
6/20/2012,118.267647
6/21/2012,115.613899
6/22/2012,116.504326
6/25/2012,114.636192
6/26/2012,115.212326
6/27/2012,116.251137
6/28/2012,115.91938
6/29/2012,118.808884
7/2/2012,119.166779
7/3/2012,119.952484
7/5/2012,119.41124
7/6/2012,118.276413
7/9/2012,118.128006
7/10/2012,117.097939
7/11/2012,117.115379
7/12/2012,116.547966
7/13/2012,118.503395
7/16/2012,118.224014
7/17/2012,119.035835
7/18/2012,119.917526
7/19/2012,120.231812
7/20/2012,119.131905
7/23/2012,117.9272
7/24/2012,116.914589
7/25/2012,116.94075
7/26/2012,118.870018
7/27/2012,121.061119
7/30/2012,121.061119
7/31/2012,120.214348
8/1/2012,120.109573
8/2/2012,119.280312
8/3/2012,121.646004
8/6/2012,121.881699
8/7/2012,122.492744
8/8/2012,122.64119
8/9/2012,122.745911
8/10/2012,122.946686
8/13/2012,122.885582
8/14/2012,122.903061
8/15/2012,123.042725
8/16/2012,123.950607
8/17/2012,124.116425
8/20/2012,124.125183
8/21/2012,123.749825
8/22/2012,123.802193
8/23/2012,122.789574
8/24/2012,123.531578
8/27/2012,123.557747
8/28/2012,123.435516
8/29/2012,123.531578
8/30/2012,122.64119
8/31/2012,123.226074
9/4/2012,123.112556
9/5/2012,123.007805
9/6/2012,125.504448
9/7/2012,125.993324
9/10/2012,125.277435
9/11/2012,125.626648
9/12/2012,126.045692
9/13/2012,127.966141
9/14/2012,128.533585
9/17/2012,128.097107
9/18/2012,127.992371
9/19/2012,128.06221
9/20/2012,128.070938
9/21/2012,128.01741
9/24/2012,127.82431
9/25/2012,126.46405
9/26/2012,125.753174
9/27/2012,126.937935
9/28/2012,126.349976
10/1/2012,126.683434
10/2/2012,126.815094
10/3/2012,127.332855
10/4/2012,128.24559
10/5/2012,128.254318
10/8/2012,127.815536
10/9/2012,126.551781
10/10/2012,125.744377
10/11/2012,125.814552
10/12/2012,125.402084
10/15/2012,126.446457
10/16/2012,127.727821
10/17/2012,128.306992
10/18/2012,127.973503
10/19/2012,125.840889
10/22/2012,125.858505
10/23/2012,124.112022
10/24/2012,123.761017
10/25/2012,124.120773
10/26/2012,124.050598
10/31/2012,124.050598
11/1/2012,125.349434
11/2/2012,124.234871
11/5/2012,124.48938
11/6/2012,125.463516
11/7/2012,122.620102
11/8/2012,121.145691
11/9/2012,121.251007
11/12/2012,121.347534
11/13/2012,120.926262
11/14/2012,119.293907
11/15/2012,119.092064
11/16/2012,119.680099
11/19/2012,122.102287
11/20/2012,122.154938
11/21/2012,122.383141
11/23/2012,124.050598
11/26/2012,123.787323
11/27/2012,123.155396
11/28/2012,124.147133
11/29/2012,124.726334
11/30/2012,124.75267
12/3/2012,124.138336
12/4/2012,123.962852
12/5/2012,124.182228
12/6/2012,124.60347
12/7/2012,124.980865
12/10/2012,125.033501
12/11/2012,125.884819
12/12/2012,125.946182
12/13/2012,125.173958
12/14/2012,124.708794
12/17/2012,126.174423
12/18/2012,127.578613
12/19/2012,126.63076
12/20/2012,127.359161
12/21/2012,126.203148
12/24/2012,125.814247
12/26/2012,125.283943
12/27/2012,125.115967
12/28/2012,123.763733
12/31/2012,125.867302
1/2/2013,129.093277
1/3/2013,128.80162
1/4/2013,129.367279
1/7/2013,129.013733
1/8/2013,128.642517
1/9/2013,128.969528
1/10/2013,129.994797
1/11/2013,129.985947
1/14/2013,129.897583
1/15/2013,129.985947
1/16/2013,129.968292
1/17/2013,130.807907
1/18/2013,131.099579
1/22/2013,131.806625
1/23/2013,132.018753
1/24/2013,132.054153
1/25/2013,132.79657
1/28/2013,132.637451
1/29/2013,133.15892
1/30/2013,132.637451
1/31/2013,132.310455
2/1/2013,133.671555
2/4/2013,132.169006
2/5/2013,133.503616
2/6/2013,133.600861
2/7/2013,133.424103
2/8/2013,134.166489
2/11/2013,134.139984
2/12/2013,134.360931
2/13/2013,134.475845
2/14/2013,134.599564
2/15/2013,134.440491
2/19/2013,135.448074
2/20/2013,133.759933
2/21/2013,132.946854
2/22/2013,134.246033
2/25/2013,131.691757
2/26/2013,132.593307
2/27/2013,134.263718
2/28/2013,133.998611
3/1/2013,134.440491
3/4/2013,135.156403
3/5/2013,136.367249
3/6/2013,136.552826
3/7/2013,136.800339
3/8/2013,137.383698
3/11/2013,137.905136
3/12/2013,137.595764
3/13/2013,137.790237
3/14/2013,138.523804
3/15/2013,138.340942
3/18/2013,137.577515
3/19/2013,137.257889
3/20/2013,138.216644
3/21/2013,137.035919
3/22/2013,138.13678
3/25/2013,137.559692
3/26/2013,138.660522
3/27/2013,138.660522
3/28/2013,139.086655
4/1/2013,138.536224
4/2/2013,139.219818
4/3/2013,137.808289
4/4/2013,138.367523
4/5/2013,137.74614
4/8/2013,138.678284
4/9/2013,139.157715
4/10/2013,140.862198
4/11/2013,141.323868
4/12/2013,140.9776
4/15/2013,137.710632
4/16/2013,139.743622
4/17/2013,137.701797
4/18/2013,136.840607
4/19/2013,138.030182
4/22/2013,138.642822
4/23/2013,140.072083
4/24/2013,140.160873
4/25/2013,140.72905
4/26/2013,140.480469
4/29/2013,141.421494
4/30/2013,141.758835
5/1/2013,140.515976
5/2/2013,141.820999
5/3/2013,143.259201
5/6/2013,143.623138
5/7/2013,144.351151
5/8/2013,145.008072
5/9/2013,144.599716
5/10/2013,145.070221
5/13/2013,145.185577
5/14/2013,146.685989
5/15/2013,147.476059
5/16/2013,146.783585
5/17/2013,148.204071
5/20/2013,148.19519
5/21/2013,148.408188
5/22/2013,147.307358
5/23/2013,146.881256
5/24/2013,146.756989
5/28/2013,147.63588
5/29/2013,146.677078
5/30/2013,147.218643
5/31/2013,145.105698
6/3/2013,145.904724
6/4/2013,145.2034
6/5/2013,143.17038
6/6/2013,144.466568
6/7/2013,146.304199
6/10/2013,146.304199
6/11/2013,144.795029
6/12/2013,143.596527
6/13/2013,145.780441
6/14/2013,144.866058
6/17/2013,145.984634
6/18/2013,147.138733
6/19/2013,145.105698
6/20/2013,141.510269
6/21/2013,141.964523
6/24/2013,140.17067
6/25/2013,141.518326
6/26/2013,142.919479
6/27/2013,143.758392
6/28/2013,143.169388
7/1/2013,144.008301
7/2/2013,143.874359
7/3/2013,143.93689
7/5/2013,145.489746
7/8/2013,146.319763
7/9/2013,147.372879
7/10/2013,147.426422
7/11/2013,149.434494
7/12/2013,149.496948
7/15/2013,150.068115
7/16/2013,149.50589
7/17/2013,149.889633
7/18/2013,150.710693
7/19/2013,150.978439
7/22/2013,151.272964
7/23/2013,150.951645
7/24/2013,150.398376
7/25/2013,150.764252
7/26/2013,150.924881
7/29/2013,150.4608
7/30/2013,150.4608
7/31/2013,150.567886
8/1/2013,152.308197
8/2/2013,152.567017
8/5/2013,152.343887
8/6/2013,151.478195
8/7/2013,150.987396
8/8/2013,151.540695
8/9/2013,151.103363
8/12/2013,150.924881
8/13/2013,151.371124
8/14/2013,150.594696
8/15/2013,148.48848
8/16/2013,147.99762
8/19/2013,147.051559
8/20/2013,147.77449
8/21/2013,146.864182
8/22/2013,148.202881
8/23/2013,148.702652
8/26/2013,148.149323
8/27/2013,145.766449
8/28/2013,146.284088
8/29/2013,146.516098
8/30/2013,146.052032
9/3/2013,146.712448
9/4/2013,147.926193
9/5/2013,148.113693
9/6/2013,148.185028
9/9/2013,149.604019
9/10/2013,150.710693
9/11/2013,151.183701
9/12/2013,150.78212
9/13/2013,151.121246
9/16/2013,151.995819
9/17/2013,152.674164
9/18/2013,154.441223
9/19/2013,154.182404
9/20/2013,153.104385
9/23/2013,152.395889
9/24/2013,152.037155
9/25/2013,151.597733
9/26/2013,152.18071
9/27/2013,151.48114
9/30/2013,150.673996
10/1/2013,151.866791
10/2/2013,151.723297
10/3/2013,150.324249
10/4/2013,151.463211
10/7/2013,150.153885
10/8/2013,148.405029
10/9/2013,148.51268
10/10/2013,151.71431
10/11/2013,152.691833
10/14/2013,153.301666
10/15/2013,152.189606
10/16/2013,154.315094
10/17/2013,155.346405
10/18/2013,156.395691
10/21/2013,156.404663
10/22/2013,157.31044
10/23/2013,156.557129
10/24/2013,157.077301
10/25/2013,157.794785
10/28/2013,158.045822
10/29/2013,158.888855
10/30/2013,158.099625
10/31/2013,157.65126
11/1/2013,158.027924
11/4/2013,158.583954
11/5/2013,158.081711
11/6/2013,158.888855
11/7/2013,156.880005
11/8/2013,158.996414
11/11/2013,159.023361
11/12/2013,158.700485
11/13/2013,159.973984
11/14/2013,160.772156
11/15/2013,161.47168
11/18/2013,160.906662
11/19/2013,160.5569
11/20/2013,160.054672
11/21/2013,161.346115
11/22/2013,162.153244
11/25/2013,161.991791
11/26/2013,162.036652
11/27/2013,162.431229
11/29/2013,162.323685
12/2/2013,161.90213
12/3/2013,161.202621
12/4/2013,161.184662
12/5/2013,160.476212
12/6/2013,162.269852
12/9/2013,162.682358
12/10/2013,162.099426
12/11/2013,160.278915
12/12/2013,159.749802
12/13/2013,159.731857
12/16/2013,160.727341
12/17/2013,160.216141
12/18/2013,162.951385
12/19/2013,162.763123
12/20/2013,163.710114
12/23/2013,164.584717
12/24/2013,164.945404
12/26/2013,165.783966
12/27/2013,165.774918
12/30/2013,165.747894
12/31/2013,166.532364
1/2/2014,164.936356
1/3/2014,164.909332
1/6/2014,164.431412
1/7/2014,165.441299
1/8/2014,165.477417
1/9/2014,165.585587
1/10/2014,166.036469
1/13/2014,163.827286
1/14/2014,165.612671
1/15/2014,166.50531
1/16/2014,166.288895
1/17/2014,165.585587
1/21/2014,166.072495
1/22/2014,166.18071
1/23/2014,164.819107
1/24/2014,161.302551
1/27/2014,160.509094
1/28/2014,161.464844
1/29/2014,159.913971
1/30/2014,161.609161
1/31/2014,160.662384
2/3/2014,157.0466
2/4/2014,158.146698
2/5/2014,157.948303
2/6/2014,160.031219
2/7/2014,162.014938
2/10/2014,162.312469
2/11/2014,164.088776
2/12/2014,164.169952
2/13/2014,165.017517
2/14/2014,165.928207
2/18/2014,166.126602
2/19/2014,165.02655
2/20/2014,166.000366
2/21/2014,165.811005
2/24/2014,166.730759
2/25/2014,166.667603
2/26/2014,166.676636
2/27/2014,167.55127
2/28/2014,167.975037
3/3/2014,166.793854
3/4/2014,169.138214
3/5/2014,169.291519
3/6/2014,169.67926
3/7/2014,169.751389
3/10/2014,169.661179
3/11/2014,168.822647
3/12/2014,168.867706
3/13/2014,166.974182
3/14/2014,166.50531
3/17/2014,168.011124
3/18/2014,169.210342
3/19/2014,168.308655
3/20/2014,169.291519
3/21/2014,168.634583
3/24/2014,167.937164
3/25/2014,168.734207
3/26/2014,167.520584
3/27/2014,167.167389
3/28/2014,167.991547
3/31/2014,169.368149
4/1/2014,170.49118
4/2/2014,171.061722
4/3/2014,170.835327
4/4/2014,168.815704
4/7/2014,166.950043
4/8/2014,167.638336
4/9/2014,169.440613
4/10/2014,165.881363
4/11/2014,164.387024
4/14/2014,165.682068
4/15/2014,166.823227
4/16/2014,168.571167
4/17/2014,168.806641
4/21/2014,169.395294
4/22/2014,170.165146
4/23/2014,169.766647
4/24/2014,170.110825
4/25/2014,168.71608
4/28/2014,169.250412
4/29/2014,170.038345
4/30/2014,170.545532
5/1/2014,170.563644
5/2/2014,170.319092
5/5/2014,170.645126
5/6/2014,169.159851
5/7/2014,170.156097
5/8/2014,169.97493
5/9/2014,170.228516
5/12/2014,171.88591
5/13/2014,172.039856
5/14/2014,171.224747
5/15/2014,169.721359
5/16/2014,170.310059
5/19/2014,170.934937
5/20/2014,169.857224
5/21/2014,171.288147
5/22/2014,171.704788
5/23/2014,172.393112
5/27/2014,173.452682
5/28/2014,173.325912
5/29/2014,174.222534
5/30/2014,174.503281
6/2/2014,174.702545
6/3/2014,174.611954
6/4/2014,174.965164
6/5/2014,176.106277
6/6/2014,176.948563
6/9/2014,177.12973
6/10/2014,177.147797
6/11/2014,176.531906
6/12/2014,175.282135
6/13/2014,175.816513
6/16/2014,175.961349
6/17/2014,176.450424
6/18/2014,177.745529
6/19/2014,177.944763
6/20/2014,178.305786
6/23/2014,178.25119
6/24/2014,177.177353
6/25/2014,177.97821
6/26/2014,177.850784
6/27/2014,178.196579
6/30/2014,178.105576
7/1/2014,179.297668
7/2/2014,179.47966
7/3/2014,180.36235
7/7/2014,179.734497
7/8/2014,178.578766
7/9/2014,179.379578
7/10/2014,178.669769
7/11/2014,178.915512
7/14/2014,179.816391
7/15/2014,179.47966
7/16/2014,180.143967
7/17/2014,178.096512
7/18/2014,179.916458
7/21/2014,179.579758
7/22/2014,180.36235
7/23/2014,180.762772
7/24/2014,180.771896
7/25/2014,179.925583
7/28/2014,179.998367
7/29/2014,179.224869
7/30/2014,179.252197
7/31/2014,175.712265
8/1/2014,175.175385
8/4/2014,176.440308
8/5/2014,174.729431
8/6/2014,174.784042
8/7/2014,173.837677
8/8/2014,175.84877
8/11/2014,176.358383
8/12/2014,176.112686
8/13/2014,177.304764
8/14/2014,178.141937
8/15/2014,178.105576
8/18/2014,179.597977
8/19/2014,180.535263
8/20/2014,181.017578
8/21/2014,181.545349
8/22/2014,181.26329
8/25/2014,182.182388
8/26/2014,182.30069
8/27/2014,182.227921
8/28/2014,182.127777
8/29/2014,182.646484
9/2/2014,182.555466
9/3/2014,182.455399
9/4/2014,182.191467
9/5/2014,183.010452
9/8/2014,182.537277
9/9/2014,181.381607
9/10/2014,182.064102
9/11/2014,182.273392
9/12/2014,181.208664
9/15/2014,181.072159
9/16/2014,182.437164
9/17/2014,182.682892
9/18/2014,183.656586
9/19/2014,183.491257
9/22/2014,182.074188
9/23/2014,181.031921
9/24/2014,182.44902
9/25/2014,179.505051
9/26/2014,180.931366
9/29/2014,180.602203
9/30/2014,180.126862
10/1/2014,177.685776
10/2/2014,177.713165
10/3/2014,179.669708
10/6/2014,179.459396
10/7/2014,176.689209
10/8/2014,179.779404
10/9/2014,176.213806
10/10/2014,174.202469
10/13/2014,171.340805
10/14/2014,171.605942
10/15/2014,170.444794
10/16/2014,170.298569
10/17/2014,172.309937
10/20/2014,173.983002
10/21/2014,177.429764
10/22/2014,176.168045
10/23/2014,178.216034
10/24/2014,179.587402
10/27/2014,179.34053
10/28/2014,181.397629
10/29/2014,181.123352
10/30/2014,182.284424
10/31/2014,184.368958
11/3/2014,184.469543
11/4/2014,183.829575
11/5/2014,184.990662
11/6/2014,185.731186
11/7/2014,185.904907
11/10/2014,186.490036
11/11/2014,186.672882
11/12/2014,186.471771
11/13/2014,186.682022
11/14/2014,186.727737
11/17/2014,186.846573
11/18/2014,187.925415
11/19/2014,187.623718
11/20/2014,187.952805
11/21/2014,188.958527
11/24/2014,189.48877
11/25/2014,189.351669
11/26/2014,189.836197
11/28/2014,189.433945
12/1/2014,188.117416
12/2/2014,189.333359
12/3/2014,190.064804
12/4/2014,189.854523
12/5/2014,190.165314
12/8/2014,188.894531
12/9/2014,188.766541
12/10/2014,185.740387
12/11/2014,186.682022
12/12/2014,183.664963
12/15/2014,182.403336
12/16/2014,180.940491
12/17/2014,184.487778
12/18/2014,189.049957
12/19/2014,189.854279
12/22/2014,190.727615
12/23/2014,190.984985
12/24/2014,191.003418
12/26/2014,191.619354
12/29/2014,191.876709
12/30/2014,190.847137
12/31/2014,188.953339
1/2/2015,188.852234
1/5/2015,185.441605
1/6/2015,183.694977
1/7/2015,185.983978
1/8/2015,189.284317
1/9/2015,187.767456
1/12/2015,186.296539
1/13/2015,185.772598
1/14/2015,184.651016
1/15/2015,182.959518
1/16/2015,185.358871
1/20/2015,185.75415
1/21/2015,186.691849
1/22/2015,189.468185
1/23/2015,188.429352
1/26/2015,188.870605
1/27/2015,186.379318
1/28/2015,183.989105
1/29/2015,185.68985
1/30/2015,183.354767
2/2/2015,185.625473
2/3/2015,188.309845
2/4/2015,187.592804
2/5/2015,189.486526
2/6/2015,188.96254
2/9/2015,188.11676
2/10/2015,190.12088
2/11/2015,190.231171
2/12/2015,192.060577
2/13/2015,192.851196
2/17/2015,193.154541
2/18/2015,193.172974
2/19/2015,193.035049
2/20/2015,194.193375
2/23/2015,194.165817
2/24/2015,194.717361
2/25/2015,194.551895
2/26/2015,194.322052
2/27/2015,193.660187
3/2/2015,194.882874
3/3/2015,194.083038
3/4/2015,193.264908
3/5/2015,193.476303
3/6/2015,190.755188
3/9/2015,191.545776
3/10/2015,188.438507
3/11/2015,187.997238
3/12/2015,190.387466
3/13/2015,189.219955
3/16/2015,191.748032
3/17/2015,191.178085
3/18/2015,193.476303
3/19/2015,192.593811
3/20/2015,194.293594
3/23/2015,193.915024
3/24/2015,192.825363
3/25/2015,189.999786
3/26/2015,189.547302
3/27/2015,189.981308
3/30/2015,192.299042
3/31/2015,190.618439
4/1/2015,189.944336
4/2/2015,190.627686
4/6/2015,191.911209
4/7/2015,191.403336
4/8/2015,192.049667
4/9/2015,192.899231
4/10/2015,193.951889
4/13/2015,193.074707
4/14/2015,193.444061
4/15/2015,194.312042
4/16/2015,194.256653
4/17/2015,192.022003
4/20/2015,193.776489
4/21/2015,193.545654
4/22/2015,194.496765
4/23/2015,194.986145
4/24/2015,195.438599
4/27/2015,194.626022
4/28/2015,195.244736
4/29/2015,194.441315
4/30/2015,192.492935
5/1/2015,194.579849
5/4/2015,195.133881
5/5/2015,192.899231
5/6/2015,192.105087
5/7/2015,192.871552
5/8/2015,195.410919
5/11/2015,194.478302
5/12/2015,193.896515
5/13/2015,193.933487
5/14/2015,195.955719
5/15/2015,196.168091
5/18/2015,196.777573
5/19/2015,196.712906
5/20/2015,196.574402
5/21/2015,197.146927
5/22/2015,196.67598
5/26/2015,194.561401
5/27/2015,196.408203
5/28/2015,196.186539
5/29/2015,194.967712
6/1/2015,195.364731
6/2/2015,195.170853
6/3/2015,195.687958
6/4/2015,194.035034
6/5/2015,193.702621
6/8/2015,192.455994
6/9/2015,192.483749
6/10/2015,194.801468
6/11/2015,195.438599
6/12/2015,193.850388
6/15/2015,193.083969
6/16/2015,194.145859
6/17/2015,194.459778
6/18/2015,196.417419
6/19/2015,195.610214
6/22/2015,196.612335
6/23/2015,196.760788
6/24/2015,195.331833
6/25/2015,194.700867
6/26/2015,194.765823
6/29/2015,190.655243
6/30/2015,191.044968
7/1/2015,192.603836
7/2/2015,192.371857
7/6/2015,191.768707
7/7/2015,193.012085
7/8/2015,189.783005
7/9/2015,190.033524
7/10/2015,192.520294
7/13/2015,194.63591
7/14/2015,195.526703
7/15/2015,195.443222
7/16/2015,196.964966
7/17/2015,197.150528
7/20/2015,197.289703
7/21/2015,196.49173
7/22/2015,196.055603
7/23/2015,194.988495
7/24/2015,192.947144
7/27/2015,191.833664
7/28/2015,194.218353
7/29/2015,195.573105
7/30/2015,195.619522
7/31/2015,195.276169
8/3/2015,194.608093
8/4/2015,194.2276
8/5/2015,194.951416
8/6/2015,193.327576
8/7/2015,192.928589
8/10/2015,195.443222
8/11/2015,193.615204
8/12/2015,193.856445
8/13/2015,193.652359
8/14/2015,194.264786
8/17/2015,195.378235
8/18/2015,194.793686
8/19/2015,193.262634
8/20/2015,189.300507
8/21/2015,183.380508
8/24/2015,175.883118
8/25/2015,173.730392
8/26/2015,180.643188
8/27/2015,184.800201
8/28/2015,184.87442
8/31/2015,183.296997
9/1/2015,177.943024
9/2/2015,181.320587
9/3/2015,181.543274
9/4/2015,178.703903
9/8/2015,183.222778
9/9/2015,180.717438
9/10/2015,181.728851
9/11/2015,182.554703
9/14/2015,181.849472
9/15/2015,184.141388
9/16/2015,185.709534
9/17/2015,185.301239
9/18/2015,182.217133
9/21/2015,183.224487
9/22/2015,180.855392
9/23/2015,180.575546
9/24/2015,179.950607
9/25/2015,179.894653
9/28/2015,175.268356
9/29/2015,175.42691
9/30/2015,178.70076
10/1/2015,179.204468
10/2/2015,181.881378
10/5/2015,185.117889
10/6/2015,184.483643
10/7/2015,185.99469
10/8/2015,187.673615
10/9/2015,187.785507
10/12/2015,187.962769
10/13/2015,186.778168
10/14/2015,185.882736
10/15/2015,188.736893
10/16/2015,189.595016
10/19/2015,189.688278
10/20/2015,189.445755
10/21/2015,188.270508
10/22/2015,191.404465
10/23/2015,193.559082
10/26/2015,193.064743
10/27/2015,192.673004
10/28/2015,194.883545
10/29/2015,194.836914
10/30/2015,193.941513
11/2/2015,196.236008
11/3/2015,196.804932
11/4/2015,196.226669
11/5/2015,196.012131
11/6/2015,195.909561
11/9/2015,194.081406
11/10/2015,194.529099
11/11/2015,193.764313
11/12/2015,191.059372
11/13/2015,188.914139
11/16/2015,191.786911
11/17/2015,191.647003
11/18/2015,194.687683
11/19/2015,194.519821
11/20/2015,195.228653
11/23/2015,195.004837
11/24/2015,195.265991
11/25/2015,195.237976
11/27/2015,195.461838
11/30/2015,194.65036
12/1/2015,196.506485
12/2/2015,194.501129
12/3/2015,191.777588
12/4/2015,195.517807
12/7/2015,194.333267
12/8/2015,193.02742
12/9/2015,191.525742
12/10/2015,192.020081
12/11/2015,188.298538
12/14/2015,189.249878
12/15/2015,191.236588
12/16/2015,194.03476
12/17/2015,191.078033
12/18/2015,187.673584
12/21/2015,189.22171
12/22/2015,190.938751
12/23/2015,193.303223
12/24/2015,192.984161
12/28/2015,192.543167
12/29/2015,194.598053
12/30/2015,193.21875
12/31/2015,191.285904
1/4/2016,188.611862
1/5/2016,188.930862
1/6/2016,186.547623
1/7/2016,182.072052
1/8/2016,180.073517
1/11/2016,180.251831
1/12/2016,181.706116
1/13/2016,177.174271
1/14/2016,180.082916
1/15/2016,176.217224
1/19/2016,176.451797
1/20/2016,174.190552
1/21/2016,175.166336
1/22/2016,178.759949
1/25/2016,176.057709
1/26/2016,178.459686
1/27/2016,176.517456
1/28/2016,177.437012
1/29/2016,181.762436
2/1/2016,181.696747
2/2/2016,178.422195
2/3/2016,179.491806
2/4/2016,179.7733
2/5/2016,176.348541
2/8/2016,173.974731
2/9/2016,173.984131
2/10/2016,173.834
2/11/2016,171.572784
2/12/2016,175.110077
2/16/2016,178.065643
2/17/2016,180.974274
2/18/2016,180.233032
2/19/2016,180.148605
2/22/2016,182.756973
2/23/2016,180.448868
2/24/2016,181.274536
2/25/2016,183.470047
2/26/2016,183.047852
2/29/2016,181.612305
3/1/2016,185.881454
3/2/2016,186.716522
3/3/2016,187.44838
3/4/2016,188.058258
3/7/2016,188.208344
3/8/2016,186.153534
3/9/2016,187.073059
3/10/2016,187.223145
3/11/2016,190.2444
3/14/2016,190.000488
3/15/2016,189.690826
3/16/2016,190.788605
3/17/2016,191.999008
3/18/2016,192.753128
3/21/2016,193.026611
3/22/2016,192.922882
3/23/2016,191.649689
3/24/2016,191.564804
3/28/2016,191.677994
3/29/2016,193.451004
3/30/2016,194.299835
3/31/2016,193.828278
4/1/2016,195.148621
4/4/2016,194.516769
4/5/2016,192.573914
4/6/2016,194.677063
4/7/2016,192.347565
4/8/2016,192.866302
4/11/2016,192.413589
4/12/2016,194.205505
4/13/2016,196.167191
4/14/2016,196.176605
4/15/2016,195.959671
4/18/2016,197.336624
4/19/2016,197.959091
4/20/2016,198.14772
4/21/2016,197.082016
4/22/2016,197.082016
4/25/2016,196.742477
4/26/2016,197.034836
4/27/2016,197.440399
4/28/2016,195.648468
4/29/2016,194.592209
5/2/2016,196.13887
5/3/2016,194.431854
5/4/2016,193.34729
5/5/2016,193.309555
5/6/2016,194.016907
5/9/2016,194.1772
5/10/2016,196.591568
5/11/2016,194.752502
5/12/2016,194.809082
5/13/2016,193.111496
5/16/2016,195.016541
5/17/2016,193.196396
5/18/2016,193.252975
5/19/2016,192.583344
5/20/2016,193.799973
5/23/2016,193.535873
5/24/2016,196.044556
5/25/2016,197.374359
5/26/2016,197.430954
5/27/2016,198.279755
5/31/2016,197.902527
6/1/2016,198.308075
6/2/2016,198.911652
6/3/2016,198.31749
6/6/2016,199.326599
6/7/2016,199.637802
6/8/2016,200.288589
6/9/2016,200.015076
6/10/2016,198.119431
6/13/2016,196.591568
6/14/2016,196.204895
6/15/2016,195.931381
6/16/2016,196.516113
6/17/2016,195.784683
6/20/2016,197.045532
6/21/2016,197.604874
6/22/2016,197.282547
6/23/2016,199.851669
6/24/2016,192.675186
6/27/2016,189.224411
6/28/2016,192.637253
6/29/2016,195.917389
6/30/2016,198.590775
7/1/2016,199.007935
7/5/2016,197.576431
7/6/2016,198.761475
7/7/2016,198.638214
7/8/2016,201.595993
7/11/2016,202.307022
7/12/2016,203.776459
7/13/2016,203.748047
7/14/2016,204.88562
7/15/2016,204.610733
7/18/2016,205.160553
7/19/2016,204.951996
7/20/2016,205.805191
7/21/2016,205.027847
7/22/2016,205.947449
7/25/2016,205.388107
7/26/2016,205.48288
7/27/2016,205.264862
7/28/2016,205.501846
7/29/2016,205.833664
8/1/2016,205.663025
8/2/2016,204.345276
8/3/2016,204.942505
8/4/2016,205.160553
8/5/2016,206.838547
8/8/2016,206.715332
8/9/2016,206.838547
8/10/2016,206.32663
8/11/2016,207.284119
8/12/2016,207.104004
8/15/2016,207.701248
8/16/2016,206.630005
8/17/2016,207.018692
8/18/2016,207.483215
8/19/2016,207.179825
8/22/2016,207.170364
8/23/2016,207.587479
8/24/2016,206.525711
8/25/2016,206.383514
8/26/2016,205.994827
8/29/2016,207.009201
8/30/2016,206.667908
8/31/2016,206.080124
9/1/2016,206.089645
9/2/2016,207.018692
9/6/2016,207.644394
9/7/2016,207.625412
9/8/2016,207.151398
9/9/2016,202.193268
9/12/2016,205.094223
9/13/2016,202.145859
9/14/2016,202.070023
9/15/2016,204.089294
9/16/2016,203.30043
9/19/2016,203.338593
9/20/2016,203.348083
9/21/2016,205.634827
9/22/2016,206.930603
9/23/2016,205.796814
9/26/2016,204.129425
9/27/2016,205.396637
9/28/2016,206.416138
9/29/2016,204.54863
9/30/2016,206.092163
10/3/2016,205.59671
10/4/2016,204.54863
10/5/2016,205.453812
10/6/2016,205.59671
10/7/2016,204.891632
10/10/2016,205.958801
10/11/2016,203.35759
10/12/2016,203.62442
10/13/2016,202.957443
10/14/2016,203.062241
10/17/2016,202.357178
10/18/2016,203.62442
10/19/2016,204.167496
10/20/2016,203.786392
10/21/2016,203.881668
10/24/2016,204.748703
10/25/2016,204.062683
10/26/2016,203.652985
10/27/2016,203.109894
10/28/2016,202.509613
10/31/2016,202.519165
11/1/2016,201.051834
11/2/2016,199.841766
11/3/2016,198.927063
11/4/2016,198.707932
11/7/2016,203.09082
11/8/2016,204.005508
11/9/2016,206.168411
11/10/2016,206.682892
11/11/2016,206.206497
11/14/2016,206.368454
11/15/2016,207.978729
11/16/2016,207.588074
11/17/2016,208.655228
11/18/2016,208.188339
11/21/2016,209.760483
11/22/2016,210.170197
11/23/2016,210.284531
11/25/2016,211.065826
11/28/2016,210.074921
11/29/2016,210.484619
11/30/2016,209.979645
12/1/2016,209.207855
12/2/2016,209.312637
12/5/2016,210.570358
12/6/2016,211.237335
12/7/2016,214.000488
12/8/2016,214.524521
12/9/2016,215.820328
12/12/2016,215.572601
12/13/2016,217.011337
12/14/2016,215.220093
12/15/2016,216.106186
12/16/2016,215.683441
12/19/2016,216.153061
12/20/2016,216.986893
12/21/2016,216.383118
12/22/2016,216.009308
12/23/2016,216.325607
12/27/2016,216.86232
12/28/2016,215.070038
12/29/2016,215.022125
12/30/2016,214.236206
1/3/2017,215.875137
1/4/2017,217.159409
1/5/2017,216.986893
1/6/2017,217.763229
1/9/2017,217.044403
1/10/2017,217.044403
1/11/2017,217.657791
1/12/2017,217.111511
1/13/2017,217.609879
1/17/2017,216.84314
1/18/2017,217.322342
1/19/2017,216.517288
1/20/2017,217.312775
1/23/2017,216.747269
1/24/2017,218.137009
1/25/2017,220.025101
1/26/2017,219.79509
1/27/2017,219.450058
1/30/2017,218.089096
1/31/2017,218.069916
2/1/2017,218.156189
2/2/2017,218.299942
2/3/2017,219.804672
2/6/2017,219.411713
2/7/2017,219.42131
2/8/2017,219.708817
2/9/2017,221.012268
2/10/2017,221.884445
2/13/2017,223.092056
2/14/2017,223.983383
2/15/2017,225.152664
2/16/2017,224.960983
2/17/2017,225.315582
2/21/2017,226.657364
2/22/2017,226.4561
2/23/2017,226.609467
2/24/2017,226.896988
2/27/2017,227.251602
2/28/2017,226.638229
3/1/2017,229.810577
3/2/2017,228.363388
3/3/2017,228.507141
3/6/2017,227.826691
3/7/2017,227.146133
3/8/2017,226.724472
3/9/2017,227.011993
3/10/2017,227.807495
3/13/2017,227.922516
3/14/2017,227.050308
3/15/2017,229.015091
3/16/2017,228.564636
3/17/2017,228.163269
3/20/2017,227.912979
3/21/2017,224.986679
3/22/2017,225.516113
3/23/2017,225.275452
3/24/2017,225.111832
3/27/2017,224.880783
3/28/2017,226.517181
3/29/2017,226.728973
3/30/2017,227.450912
3/31/2017,226.921509
4/3/2017,226.526855
4/4/2017,226.671219
4/5/2017,225.997406
4/6/2017,226.632736
4/7/2017,226.401703
4/10/2017,226.536469
4/11/2017,226.266937
4/12/2017,225.275452
4/13/2017,223.812302
4/17/2017,225.795288
4/18/2017,225.121445
4/19/2017,224.707535
4/20/2017,226.536469
4/21/2017,225.814499
4/24/2017,228.298004
4/25/2017,229.626389
4/26/2017,229.48201
4/27/2017,229.6745
4/28/2017,229.173965
5/1/2017,229.751511
5/2/2017,229.838165
5/3/2017,229.558975
5/4/2017,229.828522
5/5/2017,230.733353
5/8/2017,230.69487
5/9/2017,230.483109
5/10/2017,230.897003
5/11/2017,230.425339
5/12/2017,230.040298
5/15/2017,231.310913
5/16/2017,231.099136
5/17/2017,226.99852
5/18/2017,227.912979
5/19/2017,229.39537
5/22/2017,230.560089
5/23/2017,231.070282
5/24/2017,231.609329
5/25/2017,232.716309
5/26/2017,232.668213
5/30/2017,232.466034
5/31/2017,232.408264
6/1/2017,234.256439
6/2/2017,235.036148
6/5/2017,234.8629
6/6/2017,234.112076
6/7/2017,234.545242
6/8/2017,234.660751
6/9/2017,234.304581
6/12/2017,234.256439
6/13/2017,235.401947
6/14/2017,235.103531
6/15/2017,234.651123
6/16/2017,234.702377
6/19/2017,236.656326
6/20/2017,235.060272
6/21/2017,235.002213
6/22/2017,234.895813
6/23/2017,235.176361
6/26/2017,235.3311
6/27/2017,233.435226
6/28/2017,235.524567
6/29/2017,233.454575
6/30/2017,233.889877
7/3/2017,234.286453
7/5/2017,234.82814
7/6/2017,232.68074
7/7/2017,234.189713
7/10/2017,234.441208
7/11/2017,234.267105
7/12/2017,236.027573
7/13/2017,236.424149
7/14/2017,237.52684
7/17/2017,237.497849
7/18/2017,237.623596
7/19/2017,238.91008
7/20/2017,239.016479
7/21/2017,238.803665
7/24/2017,238.745667
7/25/2017,239.326004
7/26/2017,239.335678
7/27/2017,239.11322
7/28/2017,238.832718
7/31/2017,238.697281
8/1/2017,239.229309
8/2/2017,239.345352
8/3/2017,238.881073
8/4/2017,239.316345
8/7/2017,239.761276
8/8/2017,239.171234
8/9/2017,239.161591
8/10/2017,235.785721
8/11/2017,236.133987
8/14/2017,238.474792
8/15/2017,238.445786
8/16/2017,238.86171
8/17/2017,235.13765
8/18/2017,234.770096
8/21/2017,234.953873
8/22/2017,237.410797
8/23/2017,236.55957
8/24/2017,236.00824
8/25/2017,236.55957
8/28/2017,236.56926
8/29/2017,236.840088
8/30/2017,237.962112
8/31/2017,239.393738
9/1/2017,239.732269
9/5/2017,238.010498
9/6/2017,238.822998
9/7/2017,238.794022
9/8/2017,238.513504
9/11/2017,241.057449
9/12/2017,241.869965
9/13/2017,241.986038
9/14/2017,241.908661
9/15/2017,242.234329
9/18/2017,242.749542
9/19/2017,242.992554
9/20/2017,243.080032
9/21/2017,242.428741
9/22/2017,242.477341
9/25/2017,241.981583
9/26/2017,242.127396
9/27/2017,243.070313
9/28/2017,243.361938
9/29/2017,244.217377
10/2/2017,245.276947
10/3/2017,245.80188
10/4/2017,246.093521
10/5/2017,247.551651
10/6/2017,247.269714
10/9/2017,246.86145
10/10/2017,247.512741
10/11/2017,247.901596
10/12/2017,247.532166
10/13/2017,247.833557
10/16/2017,248.164032
10/17/2017,248.339035
10/18/2017,248.582062
10/19/2017,248.650101
10/20/2017,249.933243
10/23/2017,248.961136
10/24/2017,249.39859
10/25/2017,248.164032
10/26/2017,248.484833
10/27/2017,250.516495
10/30/2017,249.583298
10/31/2017,249.972122
11/1/2017,250.302612
11/2/2017,250.399857
11/3/2017,251.23587
11/6/2017,251.624695
11/7/2017,251.449707
11/8/2017,251.877396
11/9/2017,250.963669
11/10/2017,250.88588
11/13/2017,251.119202
11/14/2017,250.53595
11/15/2017,249.281952
11/16/2017,251.401093
11/17/2017,250.662308
11/20/2017,251.090027
11/21/2017,252.732834
11/22/2017,252.509308
11/24/2017,253.092545
11/27/2017,252.966156
11/28/2017,255.532486
11/29/2017,255.376907
11/30/2017,257.612762
12/1/2017,257.078094
12/4/2017,256.766998
12/5/2017,255.843536
12/6/2017,255.892151
12/7/2017,256.699005
12/8/2017,258.098755
12/11/2017,258.876465
12/12/2017,259.333313
12/13/2017,259.304199
12/14/2017,258.244568
12/15/2017,260.395142
12/18/2017,262.046326
12/19/2017,261.039978
12/20/2017,260.903168
12/21/2017,261.440552
12/22/2017,261.372162
12/26/2017,261.059509
12/27/2017,261.186523
12/28/2017,261.723907
12/29/2017,260.737061
1/2/2018,262.603241
1/3/2018,264.264221
1/4/2018,265.378052
1/5/2018,267.146545
1/8/2018,267.635071
1/9/2018,268.240875
1/10/2018,267.830475
1/11/2018,269.784576
1/12/2018,271.543304
1/16/2018,270.615112
1/17/2018,273.194489
1/18/2018,272.735321
1/19/2018,273.976166
1/22/2018,276.203827
1/23/2018,276.7901
1/24/2018,276.682617
1/25/2018,276.799805
1/26/2018,280.004608
1/29/2018,278.148163
1/30/2018,275.295197
1/31/2018,275.432007
2/1/2018,275.119324
2/2/2018,269.130005
2/5/2018,257.874268
2/6/2018,262.954987
2/7/2018,261.528473
2/8/2018,251.718857
2/9/2018,255.500046
2/12/2018,259.251923
2/13/2018,259.89682
2/14/2018,263.404419
2/15/2018,266.765472
2/16/2018,266.843628
2/20/2018,265.172852
2/21/2018,263.853851
2/22/2018,264.195831
2/23/2018,268.406952
2/26/2018,271.523773
2/27/2018,268.133362
2/28/2018,265.417175
3/1/2018,261.5578
3/2/2018,262.906128
3/5/2018,265.944763
3/6/2018,266.618958
3/7/2018,266.521271
3/8/2018,267.810974
3/9/2018,272.471497
3/12/2018,272.129547
3/13/2018,270.37085
3/14/2018,268.983398
3/15/2018,268.690277
3/16/2018,268.981689
3/19/2018,265.342224
3/20/2018,265.793518
3/21/2018,265.283417
3/22/2018,258.652069
3/23/2018,253.138992
3/26/2018,260.064667
3/27/2018,255.640488
3/28/2018,254.885086
3/29/2018,258.141937
4/2/2018,252.570038
4/3/2018,255.807266
4/4/2018,258.544128
4/5/2018,260.584564
4/6/2018,254.777206
4/9/2018,256.032867
4/10/2018,260.103882
4/11/2018,258.740356
4/12/2018,260.869049
4/13/2018,260.103882
4/16/2018,262.242371
4/17/2018,265.047974
4/18/2018,265.244171
4/19/2018,263.772736
4/20/2018,261.536072
4/23/2018,261.496857
4/24/2018,257.975189
4/25/2018,258.612793
4/26/2018,261.241821
4/27/2018,261.48703
4/30/2018,259.476074
5/1/2018,259.937134
5/2/2018,258.19101
5/3/2018,257.622009
5/4/2018,260.957336
5/7/2018,261.84024
5/8/2018,261.84024
5/9/2018,264.371094
5/10/2018,266.843109
5/11/2018,267.657318
5/14/2018,267.784882
5/15/2018,265.940643
5/16/2018,267.058899
5/17/2018,266.833344
5/18/2018,266.16626
5/21/2018,268.167419
5/22/2018,267.421875
5/23/2018,268.157623
5/24/2018,267.608307
5/25/2018,266.970673
5/29/2018,263.900208
5/30/2018,267.421875
5/31/2018,265.783661
6/1/2018,268.393097
6/4/2018,269.668335
6/5/2018,269.864502
6/6/2018,272.120758
6/7/2018,272.091339
6/8/2018,272.895752
6/11/2018,273.258667
6/12/2018,273.611816
6/13/2018,272.738739
6/14/2018,273.425446
6/15/2018,273.07663
6/18/2018,272.514984
6/19/2018,271.470459
6/20/2018,271.933594
6/21/2018,270.228882
6/22/2018,270.721588
6/25/2018,267.036285
6/26/2018,267.627502
6/27/2018,265.4104
6/28/2018,266.927887
6/29/2018,267.312195
7/2/2018,267.883698
7/3/2018,266.937744
7/5/2018,269.115387
7/6/2018,271.391632
7/9/2018,273.835358
7/10/2018,274.820709
7/11/2018,272.810577
7/12/2018,275.283844
7/13/2018,275.500641
7/16/2018,275.254272
7/17/2018,276.367798
7/18/2018,276.949158
7/19/2018,275.904663
7/20/2018,275.589325
7/23/2018,276.101715
7/24/2018,277.491089
7/25/2018,279.855988
7/26/2018,279.195801
7/27/2018,277.303894
7/30/2018,275.855408
7/31/2018,277.215149
8/1/2018,276.752045
8/2/2018,278.259735
8/3/2018,279.451996
8/6/2018,280.476776
8/7/2018,281.403015
8/8/2018,281.28476
8/9/2018,280.900482
8/10/2018,279.018433
8/13/2018,277.973938
8/14/2018,279.747589
8/15/2018,277.6586
8/16/2018,279.905273
8/17/2018,280.890656
8/20/2018,281.49173
8/21/2018,282.151917
8/22/2018,281.984406
8/23/2018,281.609985
8/24/2018,283.304779
8/27/2018,285.541626
8/28/2018,285.679565
8/29/2018,287.216736
8/30/2018,286.053986
8/31/2018,286.063843
9/4/2018,285.571136
9/5/2018,284.802551
9/6/2018,283.945313
9/7/2018,283.393494
9/10/2018,283.886169
9/11/2018,284.822235
9/12/2018,284.891235
9/13/2018,286.576233
9/14/2018,286.625488
9/17/2018,285.108002
9/18/2018,286.65509
9/19/2018,286.960541
9/20/2018,289.286011
9/21/2018,289.021698
9/24/2018,288.061584
9/25/2018,287.794312
9/26/2018,286.933197
9/27/2018,287.734924
9/28/2018,287.764648
10/1/2018,288.764374
10/2/2018,288.5961
10/3/2018,288.754486
10/4/2018,286.49765
10/5/2018,284.894104
10/8/2018,284.894104
10/9/2018,284.478363
10/10/2018,275.470886
10/11/2018,269.403229
10/12/2018,273.144806
10/15/2018,271.610535
10/16/2018,277.54953
10/17/2018,277.59906
10/18/2018,273.59021
10/19/2018,273.441742
10/22/2018,272.214325
10/23/2018,270.828552
10/24/2018,262.622864
10/25/2018,267.334442
10/26/2018,262.632721
10/29/2018,261.177673
10/30/2018,265.047943
10/31/2018,267.878876
11/1/2018,270.729584
11/2/2018,269.126068
11/5/2018,270.61084
11/6/2018,272.323212
11/7/2018,278.153351
11/8/2018,277.648529
11/9/2018,274.936371
11/12/2018,269.799164
11/13/2018,269.294342
11/14/2018,267.453247
11/15/2018,270.244537
11/16/2018,270.947357
11/19/2018,266.364441
11/20/2018,261.435028
11/21/2018,262.325867
11/23/2018,260.573883
11/26/2018,264.78067
11/27/2018,265.671539
11/28/2018,271.788696
11/29/2018,271.194794
11/30/2018,272.847839
12/3/2018,276.460693
12/4/2018,267.502716
12/6/2018,267.096893
12/7/2018,260.890656
12/10/2018,261.385559
12/11/2018,261.444946
12/12/2018,262.761414
12/13/2018,262.672302
12/14/2018,257.822144
12/17/2018,252.764099
12/18/2018,252.486938
12/19/2018,248.705765
12/20/2018,244.657349
12/21/2018,239.644424
12/24/2018,233.312317
12/26/2018,245.100388
12/27/2018,246.982117
12/28/2018,246.663513
12/31/2018,248.82399
1/2/2019,249.082855
1/3/2019,243.139038
1/4/2019,251.283173
1/7/2019,253.26445
1/8/2019,255.643951
1/9/2019,256.838684
1/10/2019,257.74472
1/11/2019,257.844269
1/14/2019,256.271179
1/15/2019,259.208252
1/16/2019,259.83551
1/17/2019,261.806793
1/18/2019,265.291443
1/22/2019,261.707245
1/23/2019,262.254852
1/24/2019,262.394226
1/25/2019,264.614441
1/28/2019,262.603302
1/29/2019,262.254852
1/30/2019,266.406525
1/31/2019,268.746246
2/1/2019,268.875671
2/4/2019,270.767334
2/5/2019,271.902344
2/6/2019,271.543915
2/7/2019,268.955353
2/8/2019,269.283875
2/11/2019,269.433228
2/12/2019,272.89798
2/13/2019,273.784058
2/14/2019,273.176727
2/15/2019,276.153625
2/19/2019,276.631531
2/20/2019,277.189056
2/21/2019,276.2034
2/22/2019,277.915863
2/25/2019,278.294189
2/26/2019,278.095062
2/27/2019,277.975616
2/28/2019,277.457855
3/1/2019,279.190247
3/4/2019,278.174713
3/5/2019,277.796387
3/6/2019,276.11377
3/7/2019,273.803986
3/8/2019,273.256378
3/11/2019,277.218933
3/12/2019,278.264313
3/13/2019,280.106201
3/14/2019,279.927002
3/15/2019,281.309998
3/18/2019,282.329987
3/19/2019,282.399994
3/20/2019,281.549988
3/21/2019,284.730011
3/22/2019,279.25
3/25/2019,279.040009
3/26/2019,281.119995
3/27/2019,279.649994
3/28/2019,280.709991
3/29/2019,282.480011
4/1/2019,285.829987
4/2/2019,285.970001
4/3/2019,286.420013
4/4/2019,287.179993
4/5/2019,288.570007
4/8/2019,288.790009
4/9/2019,287.309998
4/10/2019,288.290009
4/11/2019,288.209991
4/12/2019,290.160004
4/15/2019,289.970001
4/16/2019,290.160004
4/17/2019,289.450012
4/18/2019,290.019989
4/22/2019,290.269989
4/23/2019,292.880005
4/24/2019,292.230011
4/25/2019,292.049988
4/26/2019,293.410004
4/29/2019,293.869995
4/30/2019,294.019989
5/1/2019,291.809998
5/2/2019,291.179993
5/3/2019,294.029999
5/6/2019,292.820007
5/7/2019,287.929993
5/8/2019,287.529999
5/9/2019,286.660004
5/10/2019,288.100006
5/13/2019,280.859985
5/14/2019,283.399994
5/15/2019,285.059998
5/16/2019,287.700012
5/17/2019,285.839996
5/20/2019,283.950012
5/21/2019,286.51001
5/22/2019,285.630005
5/23/2019,282.140015
5/24/2019,282.779999
